instance,run,seed,island,model,best,best_iter,effective_iter,total_t,ml_rejects
bonus1000,10,91,0,COX,460.578,231,431,167.091,184
bonus1000,10,91,4,SSVM,443.82,240,449,184.274,176
bonus1000,10,91,5,WEIBULLAFT,436.519,221,449,224.634,95
bonus1000,10,91,1,RSF,439.208,349,549,259.998,143
bonus1000,10,91,2,GBSA,409.251,628,828,321.198,257
bonus1000,10,91,7,ELASTICNET,405.393,663,863,433.2,25
bonus1000,10,91,8,MTLR,408.378,884,1001,489.158,60
bonus1000,10,91,9,BASELINE,403.066,969,1001,496.426,0
bonus1000,10,91,3,DEEPSURV,398.026,997,1001,497.83,13
bonus1000,10,91,6,KNN,406.682,952,1001,499.292,27
bonus1000,1,1,0,COX,446.755,169,449,196.222,188
bonus1000,1,1,4,SSVM,443.847,238,449,204.411,175
bonus1000,1,1,8,MTLR,429.211,413,613,328.005,93
bonus1000,1,1,7,ELASTICNET,409.157,533,733,383.035,101
bonus1000,1,1,6,KNN,408.587,891,1001,502.387,110
bonus1000,1,1,5,WEIBULLAFT,409.958,998,1001,535.164,73
bonus1000,1,1,2,GBSA,394.755,916,1001,551.924,38
bonus1000,1,1,9,BASELINE,394.362,935,1001,565.729,0
bonus1000,1,1,1,RSF,396.198,938,1001,568.775,36
bonus1000,1,1,3,DEEPSURV,397.038,920,1001,572.707,9
bonus1000,2,11,7,ELASTICNET,446.997,225,449,197.384,161
bonus1000,2,11,4,SSVM,446.9,381,581,200.629,294
bonus1000,2,11,2,GBSA,422.343,532,732,312.238,242
bonus1000,2,11,1,RSF,399.538,414,614,333.677,128
bonus1000,2,11,8,MTLR,414.663,949,1001,444.2,336
bonus1000,2,11,9,BASELINE,397.709,678,878,520.376,0
bonus1000,2,11,6,KNN,400.34,886,1001,557.722,51
bonus1000,2,11,3,DEEPSURV,396.639,992,1001,574.539,24
bonus1000,2,11,0,COX,401.46,991,1001,578.408,9
bonus1000,2,11,5,WEIBULLAFT,391.836,981,1001,594.186,8
bonus1000,3,21,4,SSVM,433.932,236,449,175.28,196
bonus1000,3,21,0,COX,450.545,246,449,182.956,176
bonus1000,3,21,7,ELASTICNET,425.874,908,1001,271.57,560
bonus1000,3,21,6,KNN,405.765,976,1001,379.923,343
bonus1000,3,21,8,MTLR,404.727,786,986,427.992,280
bonus1000,3,21,2,GBSA,411.546,999,1001,482.089,139
bonus1000,3,21,3,DEEPSURV,404.336,926,1001,516.75,99
bonus1000,3,21,5,WEIBULLAFT,402.471,996,1001,529.614,42
bonus1000,3,21,9,BASELINE,403.241,966,1001,532.218,0
bonus1000,3,21,1,RSF,401.149,890,1001,582.983,2
bonus1000,4,31,0,COX,432.56,245,449,178.602,188
bonus1000,4,31,6,KNN,412.12,700,900,352.599,342
bonus1000,4,31,8,MTLR,405.191,549,749,409.715,122
bonus1000,4,31,7,ELASTICNET,417.699,616,816,425.463,144
bonus1000,4,31,3,DEEPSURV,416.647,837,1001,439.386,344
bonus1000,4,31,1,RSF,399.559,995,1001,533.668,214
bonus1000,4,31,5,WEIBULLAFT,400.616,982,1001,575.823,68
bonus1000,4,31,9,BASELINE,399.299,911,1001,590.257,0
bonus1000,4,31,4,SSVM,392.758,987,1001,590.358,4
bonus1000,4,31,2,GBSA,402.13,965,1001,594.186,40
bonus1000,5,41,0,COX,444.922,232,449,186.477,188
bonus1000,5,41,4,SSVM,460.56,221,449,208.991,156
bonus1000,5,41,6,KNN,409.179,595,795,302.86,310
bonus1000,5,41,5,WEIBULLAFT,410.567,646,846,349.474,280
bonus1000,5,41,2,GBSA,406.503,698,898,362.487,297
bonus1000,5,41,1,RSF,405.38,904,1001,396.971,413
bonus1000,5,41,7,ELASTICNET,394.865,996,1001,490.506,76
bonus1000,5,41,3,DEEPSURV,398.426,762,962,491.82,69
bonus1000,5,41,8,MTLR,395.811,760,960,512.938,16
bonus1000,5,41,9,BASELINE,399.625,811,1001,519.052,0
bonus1000,6,51,0,COX,437.781,237,449,195.203,182
bonus1000,6,51,4,SSVM,445.074,243,449,204.185,157
bonus1000,6,51,3,DEEPSURV,431.199,373,573,255.853,195
bonus1000,6,51,2,GBSA,408.228,914,1001,431.596,273
bonus1000,6,51,8,MTLR,408.212,909,1001,460.29,268
bonus1000,6,51,7,ELASTICNET,392.556,994,1001,485.277,189
bonus1000,6,51,5,WEIBULLAFT,401.422,927,1001,537.701,83
bonus1000,6,51,6,KNN,402.592,970,1001,552.569,53
bonus1000,6,51,1,RSF,403.131,977,1001,566.699,87
bonus1000,6,51,9,BASELINE,397.766,934,1001,567.005,0
bonus1000,7,61,4,SSVM,447.937,241,449,185.874,191
bonus1000,7,61,6,KNN,427.916,238,438,275.783,12
bonus1000,7,61,8,MTLR,412.964,737,937,371.098,408
bonus1000,7,61,9,BASELINE,407.106,452,652,407.43,0
bonus1000,7,61,2,GBSA,408.468,940,1001,437.714,324
bonus1000,7,61,7,ELASTICNET,407.217,700,900,528.106,13
bonus1000,7,61,5,WEIBULLAFT,406.127,960,1001,560.375,84
bonus1000,7,61,0,COX,401.634,855,1001,576.24,1
bonus1000,7,61,3,DEEPSURV,403.724,866,1001,581.49,36
bonus1000,7,61,1,RSF,397.504,991,1001,614.819,3
bonus1000,8,71,0,COX,450.871,172,449,191.342,164
bonus1000,8,71,4,SSVM,437.38,290,490,193.758,203
bonus1000,8,71,8,MTLR,448.849,247,449,222.641,117
bonus1000,8,71,3,DEEPSURV,424.236,519,719,311.685,189
bonus1000,8,71,6,KNN,412.359,963,1001,336.025,429
bonus1000,8,71,7,ELASTICNET,411.301,713,913,422.692,136
bonus1000,8,71,2,GBSA,409.472,968,1001,433.021,186
bonus1000,8,71,5,WEIBULLAFT,410.018,717,917,473.542,23
bonus1000,8,71,9,BASELINE,401.949,848,1001,498.693,0
bonus1000,8,71,1,RSF,401.091,936,1001,518.775,71
bonus1000,9,81,0,COX,447.851,222,449,167.184,196
bonus1000,9,81,7,ELASTICNET,427.359,384,584,236.533,194
bonus1000,9,81,5,WEIBULLAFT,425.914,293,493,289.082,4
bonus1000,9,81,4,SSVM,431.564,876,1001,317.476,473
bonus1000,9,81,3,DEEPSURV,408.568,509,709,405.423,4
bonus1000,9,81,8,MTLR,413.454,982,1001,415.64,273
bonus1000,9,81,2,GBSA,404.59,932,1001,465.195,128
bonus1000,9,81,6,KNN,400.732,992,1001,496.467,23
bonus1000,9,81,9,BASELINE,402.846,1000,1001,502.398,0
bonus1000,9,81,1,RSF,396.021,922,1001,547.129,1
concentricCircles1,10,91,4,SSVM,53.1582,74,399,32.49,153
concentricCircles1,10,91,9,BASELINE,53.1582,168,368,36.4739,0
concentricCircles1,10,91,2,GBSA,53.1642,16,399,37.2497,112
concentricCircles1,10,91,0,COX,53.1582,277,477,41.472,82
concentricCircles1,10,91,5,WEIBULLAFT,53.1582,40,399,41.7839,73
concentricCircles1,10,91,6,KNN,53.1582,10,399,42.6721,20
concentricCircles1,10,91,3,DEEPSURV,53.1582,126,406,45.6451,119
concentricCircles1,10,91,1,RSF,53.1582,97,399,46.9628,101
concentricCircles1,10,91,8,MTLR,53.1582,56,399,50.5082,41
concentricCircles1,10,91,7,ELASTICNET,53.1582,26,398,32.2892,152
concentricCircles1,1,1,9,BASELINE,53.1582,39,239,24.6818,0
concentricCircles1,1,1,0,COX,53.1582,112,399,29.3751,150
concentricCircles1,1,1,7,ELASTICNET,53.1582,23,399,33.0666,137
concentricCircles1,1,1,4,SSVM,53.1582,76,399,33.9988,129
concentricCircles1,1,1,5,WEIBULLAFT,53.1582,114,399,36.8135,135
concentricCircles1,1,1,2,GBSA,53.1582,18,399,37.3617,100
concentricCircles1,1,1,6,KNN,53.1582,108,399,41.414,27
concentricCircles1,1,1,1,RSF,53.1582,50,399,43.8729,129
concentricCircles1,1,1,3,DEEPSURV,53.1582,33,399,47.0626,82
concentricCircles1,1,1,8,MTLR,53.1582,66,399,48.5507,61
concentricCircles1,2,11,9,BASELINE,53.1582,74,274,28.1562,0
concentricCircles1,2,11,0,COX,53.1582,143,423,31.9919,140
concentricCircles1,2,11,4,SSVM,53.1582,60,399,35.3365,119
concentricCircles1,2,11,6,KNN,53.1582,31,399,38.677,71
concentricCircles1,2,11,2,GBSA,53.1582,129,409,39.0011,94
concentricCircles1,2,11,7,ELASTICNET,53.1582,163,443,39.6183,105
concentricCircles1,2,11,5,WEIBULLAFT,53.1582,108,399,45.4933,6
concentricCircles1,2,11,1,RSF,53.1582,109,399,47.0656,94
concentricCircles1,2,11,3,DEEPSURV,53.1582,73,399,48.2675,77
concentricCircles1,2,11,8,MTLR,53.1582,38,399,49.2356,62
concentricCircles1,3,21,0,COX,53.1582,69,399,32.4683,116
concentricCircles1,3,21,4,SSVM,53.1582,79,399,36.1868,112
concentricCircles1,3,21,5,WEIBULLAFT,53.1582,31,399,37.6198,135
concentricCircles1,3,21,9,BASELINE,53.1582,197,397,38.9422,0
concentricCircles1,3,21,6,KNN,53.1582,90,399,39.1928,73
concentricCircles1,3,21,2,GBSA,53.1582,303,503,40.2766,184
concentricCircles1,3,21,7,ELASTICNET,53.1582,107,399,41.8866,33
concentricCircles1,3,21,3,DEEPSURV,53.1582,79,399,48.6017,93
concentricCircles1,3,21,1,RSF,53.1582,34,399,49.4004,63
concentricCircles1,3,21,8,MTLR,53.1582,150,430,55.1526,3
concentricCircles1,4,31,9,BASELINE,53.1582,61,261,26.5138,0
concentricCircles1,4,31,0,COX,53.1582,77,399,33.8347,92
concentricCircles1,4,31,6,KNN,53.1582,40,399,34.2639,121
concentricCircles1,4,31,7,ELASTICNET,53.1582,72,399,34.7343,115
concentricCircles1,4,31,4,SSVM,53.1582,68,399,35.2558,110
concentricCircles1,4,31,2,GBSA,53.1582,69,399,36.9942,101
concentricCircles1,4,31,5,WEIBULLAFT,53.1582,123,403,43.4685,24
concentricCircles1,4,31,1,RSF,53.1582,226,426,47.8713,102
concentricCircles1,4,31,3,DEEPSURV,53.1582,66,399,49.2094,36
concentricCircles1,4,31,8,MTLR,53.1582,202,402,51.8802,0
concentricCircles1,5,41,9,BASELINE,53.1582,75,275,27.9411,0
concentricCircles1,5,41,0,COX,53.1582,23,399,29.374,147
concentricCircles1,5,41,4,SSVM,53.1642,64,399,30.9559,161
concentricCircles1,5,41,5,WEIBULLAFT,53.1582,59,399,37.3988,117
concentricCircles1,5,41,6,KNN,53.1582,39,399,38.0239,71
concentricCircles1,5,41,2,GBSA,53.1582,110,399,39.118,70
concentricCircles1,5,41,7,ELASTICNET,53.1582,150,430,42.597,36
concentricCircles1,5,41,1,RSF,53.1582,25,399,47.6258,73
concentricCircles1,5,41,8,MTLR,53.1582,31,399,47.851,58
concentricCircles1,5,41,3,DEEPSURV,53.1582,52,399,51.487,1
concentricCircles1,6,51,0,COX,53.1582,38,399,28.4037,162
concentricCircles1,6,51,7,ELASTICNET,53.1582,26,399,31.0837,161
concentricCircles1,6,51,4,SSVM,53.1582,28,399,33.0799,143
concentricCircles1,6,51,9,BASELINE,53.1582,143,343,33.8987,0
concentricCircles1,6,51,5,WEIBULLAFT,53.1582,104,399,35.6838,145
concentricCircles1,6,51,6,KNN,53.1582,37,399,37.5778,79
concentricCircles1,6,51,2,GBSA,53.1582,58,399,43.2564,11
concentricCircles1,6,51,3,DEEPSURV,53.1582,61,399,43.7277,123
concentricCircles1,6,51,8,MTLR,53.1582,216,416,45.4434,117
concentricCircles1,6,51,1,RSF,53.1582,81,399,45.9384,101
concentricCircles1,7,61,9,BASELINE,53.1582,37,237,24.5069,0
concentricCircles1,7,61,0,COX,53.1582,19,399,26.9846,170
concentricCircles1,7,61,6,KNN,53.1582,50,399,32.7744,134
concentricCircles1,7,61,5,WEIBULLAFT,53.1582,44,399,36.5538,118
concentricCircles1,7,61,4,SSVM,53.1582,23,399,37.5429,80
concentricCircles1,7,61,7,ELASTICNET,53.1582,22,399,39.6222,43
concentricCircles1,7,61,2,GBSA,53.1582,48,399,39.6847,60
concentricCircles1,7,61,1,RSF,53.1582,62,399,46.1825,80
concentricCircles1,7,61,8,MTLR,53.1582,142,422,46.2922,92
concentricCircles1,7,61,3,DEEPSURV,53.1582,89,399,46.9707,61
concentricCircles1,8,71,9,BASELINE,53.1582,98,298,29.89,0
concentricCircles1,8,71,0,COX,53.1582,76,399,31.7865,121
concentricCircles1,8,71,7,ELASTICNET,53.1582,122,402,34.6933,124
concentricCircles1,8,71,6,KNN,53.1582,77,399,35.9766,106
concentricCircles1,8,71,4,SSVM,53.1582,187,449,36.6284,150
concentricCircles1,8,71,5,WEIBULLAFT,53.1582,101,399,36.9506,131
concentricCircles1,8,71,2,GBSA,53.1582,153,433,40.042,99
concentricCircles1,8,71,1,RSF,53.1582,6,399,44.7279,116
concentricCircles1,8,71,8,MTLR,53.1582,88,399,47.1142,71
concentricCircles1,8,71,3,DEEPSURV,53.1582,37,399,48.2809,53
concentricCircles1,9,81,9,BASELINE,53.1582,103,303,30.6679,0
concentricCircles1,9,81,6,KNN,53.1582,25,399,36.563,104
concentricCircles1,9,81,0,COX,53.1582,38,399,36.8743,68
concentricCircles1,9,81,4,SSVM,53.1582,87,399,38.1737,85
concentricCircles1,9,81,2,GBSA,53.1582,26,399,39.1246,85
concentricCircles1,9,81,7,ELASTICNET,53.1582,62,399,39.7349,61
concentricCircles1,9,81,5,WEIBULLAFT,53.1582,24,399,44.7223,27
concentricCircles1,9,81,3,DEEPSURV,53.1582,107,399,46.4044,99
concentricCircles1,9,81,1,RSF,53.1582,72,399,50.4762,36
concentricCircles1,9,81,8,MTLR,53.1582,219,419,54.2341,0
rotatingDiamonds1,10,91,9,BASELINE,32.389,2,202,23.4008,0
rotatingDiamonds1,10,91,4,SSVM,32.389,1,399,37.6988,108
rotatingDiamonds1,10,91,7,ELASTICNET,32.389,1,399,39.5429,82
rotatingDiamonds1,10,91,6,KNN,32.389,2,399,39.7845,81
rotatingDiamonds1,10,91,0,COX,32.389,3,399,40.4042,40
rotatingDiamonds1,10,91,5,WEIBULLAFT,32.389,4,399,43.059,77
rotatingDiamonds1,10,91,2,GBSA,32.389,2,399,45.6645,15
rotatingDiamonds1,10,91,1,RSF,32.389,9,399,47.9119,108
rotatingDiamonds1,10,91,3,DEEPSURV,32.389,1,399,50.0513,71
rotatingDiamonds1,10,91,8,MTLR,32.389,3,399,51.1211,60
rotatingDiamonds1,1,1,9,BASELINE,32.389,3,203,22.1217,0
rotatingDiamonds1,1,1,0,COX,32.389,1,399,29.0726,155
rotatingDiamonds1,1,1,7,ELASTICNET,32.389,1,399,35.9936,102
rotatingDiamonds1,1,1,6,KNN,32.389,2,399,36.0551,104
rotatingDiamonds1,1,1,4,SSVM,32.389,2,399,36.2662,103
rotatingDiamonds1,1,1,2,GBSA,32.389,2,399,36.8449,108
rotatingDiamonds1,1,1,5,WEIBULLAFT,32.389,2,399,37.0299,131
rotatingDiamonds1,1,1,3,DEEPSURV,32.389,1,399,43.9951,110
rotatingDiamonds1,1,1,1,RSF,32.389,2,399,45.5019,109
rotatingDiamonds1,1,1,8,MTLR,32.389,2,399,49.6597,27
rotatingDiamonds1,2,11,9,BASELINE,32.389,5,205,22.4259,0
rotatingDiamonds1,2,11,4,SSVM,32.389,1,399,35.2284,127
rotatingDiamonds1,2,11,2,GBSA,32.389,1,399,35.8726,126
rotatingDiamonds1,2,11,7,ELASTICNET,32.389,1,399,36.2867,105
rotatingDiamonds1,2,11,0,COX,32.389,1,399,36.9163,67
rotatingDiamonds1,2,11,5,WEIBULLAFT,32.389,1,399,39.5948,96
rotatingDiamonds1,2,11,6,KNN,32.389,3,399,41.5868,33
rotatingDiamonds1,2,11,1,RSF,32.389,1,399,47.0712,92
rotatingDiamonds1,2,11,3,DEEPSURV,32.389,2,399,47.4118,77
rotatingDiamonds1,2,11,8,MTLR,32.389,2,399,47.5778,83
rotatingDiamonds1,3,21,9,BASELINE,32.389,1,201,22.2365,0
rotatingDiamonds1,3,21,0,COX,32.389,4,399,36.2389,95
rotatingDiamonds1,3,21,4,SSVM,32.389,3,399,37.3908,117
rotatingDiamonds1,3,21,7,ELASTICNET,32.389,1,399,38.705,96
rotatingDiamonds1,3,21,6,KNN,32.389,2,399,40.1925,79
rotatingDiamonds1,3,21,2,GBSA,32.389,1,399,45.8101,17
rotatingDiamonds1,3,21,8,MTLR,32.389,1,399,49.5661,91
rotatingDiamonds1,3,21,3,DEEPSURV,32.389,1,399,50.3985,76
rotatingDiamonds1,3,21,1,RSF,32.389,2,399,52.4784,36
rotatingDiamonds1,3,21,5,WEIBULLAFT,32.389,1,398,37.9315,144
rotatingDiamonds1,4,31,9,BASELINE,32.389,3,203,24.4364,0
rotatingDiamonds1,4,31,7,ELASTICNET,32.389,1,399,38.0328,125
rotatingDiamonds1,4,31,0,COX,32.389,3,399,39.35,82
rotatingDiamonds1,4,31,6,KNN,32.389,2,399,39.5511,113
rotatingDiamonds1,4,31,4,SSVM,32.389,1,399,41.2589,96
rotatingDiamonds1,4,31,2,GBSA,32.389,4,399,41.8856,101
rotatingDiamonds1,4,31,5,WEIBULLAFT,32.389,1,399,42.8862,116
rotatingDiamonds1,4,31,1,RSF,32.389,1,399,50.4274,105
rotatingDiamonds1,4,31,8,MTLR,32.389,2,399,54.8039,37
rotatingDiamonds1,4,31,3,DEEPSURV,32.389,1,399,56.341,8
rotatingDiamonds1,5,41,9,BASELINE,32.389,1,201,23.3632,0
rotatingDiamonds1,5,41,0,COX,32.389,4,399,35.9386,95
rotatingDiamonds1,5,41,6,KNN,32.389,2,399,36.2298,126
rotatingDiamonds1,5,41,4,SSVM,32.389,3,399,37.9192,112
rotatingDiamonds1,5,41,2,GBSA,32.389,3,399,40.1183,91
rotatingDiamonds1,5,41,7,ELASTICNET,32.389,11,399,40.2459,72
rotatingDiamonds1,5,41,5,WEIBULLAFT,32.389,4,399,43.9043,53
rotatingDiamonds1,5,41,8,MTLR,32.389,5,399,47.3347,115
rotatingDiamonds1,5,41,1,RSF,32.389,1,399,51.1033,54
rotatingDiamonds1,5,41,3,DEEPSURV,32.389,1,399,53.7303,11
rotatingDiamonds1,6,51,9,BASELINE,32.389,1,201,22.0362,0
rotatingDiamonds1,6,51,0,COX,32.389,3,399,34.0926,109
rotatingDiamonds1,6,51,4,SSVM,32.389,1,399,36.2495,116
rotatingDiamonds1,6,51,5,WEIBULLAFT,32.389,1,399,37.8207,135
rotatingDiamonds1,6,51,2,GBSA,32.389,6,399,40.6021,77
rotatingDiamonds1,6,51,6,KNN,32.389,5,399,42.0697,38
rotatingDiamonds1,6,51,7,ELASTICNET,32.389,1,399,43.8241,15
rotatingDiamonds1,6,51,1,RSF,32.389,3,399,47.3708,108
rotatingDiamonds1,6,51,8,MTLR,32.389,4,399,51.1891,41
rotatingDiamonds1,6,51,3,DEEPSURV,32.389,1,399,53.6613,1
rotatingDiamonds1,7,61,9,BASELINE,32.389,11,211,22.8408,0
rotatingDiamonds1,7,61,4,SSVM,32.389,6,399,34.0161,138
rotatingDiamonds1,7,61,0,COX,32.389,1,399,34.5,97
rotatingDiamonds1,7,61,6,KNN,32.389,8,399,35.8506,116
rotatingDiamonds1,7,61,7,ELASTICNET,32.389,1,399,36.9815,100
rotatingDiamonds1,7,61,2,GBSA,32.389,4,399,45.0231,6
rotatingDiamonds1,7,61,5,WEIBULLAFT,32.389,7,399,46.1191,5
rotatingDiamonds1,7,61,3,DEEPSURV,32.389,2,399,47.3138,88
rotatingDiamonds1,7,61,1,RSF,32.389,1,399,47.6565,93
rotatingDiamonds1,7,61,8,MTLR,32.389,1,399,47.7447,83
rotatingDiamonds1,8,71,9,BASELINE,32.389,1,201,22.2598,0
rotatingDiamonds1,8,71,4,SSVM,32.389,5,399,35.3514,128
rotatingDiamonds1,8,71,6,KNN,32.389,3,399,36.303,113
rotatingDiamonds1,8,71,2,GBSA,32.389,2,399,36.9999,123
rotatingDiamonds1,8,71,7,ELASTICNET,32.389,1,399,40.1179,61
rotatingDiamonds1,8,71,0,COX,32.389,4,399,40.3525,25
rotatingDiamonds1,8,71,1,RSF,32.389,5,399,45.9792,111
rotatingDiamonds1,8,71,5,WEIBULLAFT,32.389,1,399,46.0006,11
rotatingDiamonds1,8,71,3,DEEPSURV,32.389,1,399,46.5075,102
rotatingDiamonds1,8,71,8,MTLR,32.389,1,399,47.4342,91
rotatingDiamonds1,9,81,9,BASELINE,32.389,5,205,22.2528,0
rotatingDiamonds1,9,81,0,COX,32.389,1,399,29.5582,148
rotatingDiamonds1,9,81,7,ELASTICNET,32.389,1,399,36.4468,101
rotatingDiamonds1,9,81,2,GBSA,32.389,1,399,38.3841,93
rotatingDiamonds1,9,81,5,WEIBULLAFT,32.389,4,399,39.1272,102
rotatingDiamonds1,9,81,4,SSVM,32.389,1,399,42.953,13
rotatingDiamonds1,9,81,3,DEEPSURV,32.389,1,399,46.4563,97
rotatingDiamonds1,9,81,1,RSF,32.389,5,399,51.2159,20
rotatingDiamonds1,9,81,8,MTLR,32.389,1,399,52.2729,6
rotatingDiamonds1,9,81,6,KNN,32.389,3,397,41.3647,34
team4_400,10,91,7,ELASTICNET,709.87,149,429,100.383,162
team4_400,10,91,0,COX,700.234,200,449,101.825,163
team4_400,10,91,4,SSVM,704.086,212,449,122.66,107
team4_400,10,91,6,KNN,702.855,210,449,126.248,80
team4_400,10,91,1,RSF,691.382,501,701,213.929,74
team4_400,10,91,5,WEIBULLAFT,682.543,947,1001,227.757,196
team4_400,10,91,2,GBSA,676.984,880,1001,241.727,141
team4_400,10,91,3,DEEPSURV,689.964,980,1001,262.628,54
team4_400,10,91,9,BASELINE,682.299,890,1001,265.062,0
team4_400,10,91,8,MTLR,687.258,774,974,275.28,3
team4_400,1,1,7,ELASTICNET,707.19,65,399,98.7273,143
team4_400,1,1,6,KNN,704.148,120,400,104.417,130
team4_400,1,1,5,WEIBULLAFT,707.711,297,497,115.569,194
team4_400,1,1,2,GBSA,697.223,145,425,118.416,113
team4_400,1,1,4,SSVM,700.199,581,781,126.907,423
team4_400,1,1,1,RSF,699.284,172,449,127.322,129
team4_400,1,1,9,BASELINE,692.124,206,406,130.535,0
team4_400,1,1,8,MTLR,705.628,152,432,134.243,75
team4_400,1,1,3,DEEPSURV,681.803,934,1001,204.985,272
team4_400,1,1,0,COX,680.0,930,1001,232.967,50
team4_400,2,11,0,COX,710.492,105,399,85.6218,170
team4_400,2,11,4,SSVM,698.353,171,449,107.27,162
team4_400,2,11,5,WEIBULLAFT,704.716,222,449,117.713,121
team4_400,2,11,7,ELASTICNET,704.871,407,607,128.811,233
team4_400,2,11,2,GBSA,695.0,527,727,143.909,302
team4_400,2,11,3,DEEPSURV,695.631,468,668,158.735,209
team4_400,2,11,9,BASELINE,687.717,394,594,172.932,0
team4_400,2,11,6,KNN,690.884,947,1001,200.734,286
team4_400,2,11,8,MTLR,687.844,893,1001,222.431,200
team4_400,2,11,1,RSF,681.024,972,1001,267.729,55
team4_400,3,21,4,SSVM,698.014,292,492,111.821,179
team4_400,3,21,0,COX,703.967,194,449,117.619,109
team4_400,3,21,5,WEIBULLAFT,698.183,200,449,121.321,116
team4_400,3,21,9,BASELINE,702.295,164,364,121.674,0
team4_400,3,21,7,ELASTICNET,689.373,426,626,134.809,229
team4_400,3,21,1,RSF,703.083,193,449,137.299,78
team4_400,3,21,8,MTLR,687.248,339,539,165.378,12
team4_400,3,21,3,DEEPSURV,700.401,399,599,169.434,75
team4_400,3,21,6,KNN,689.977,608,808,203.262,63
team4_400,3,21,2,GBSA,688.275,788,988,248.096,13
team4_400,4,31,4,SSVM,699.184,168,448,121.631,142
team4_400,4,31,5,WEIBULLAFT,691.201,258,458,130.792,126
team4_400,4,31,8,MTLR,702.781,219,419,134.646,117
team4_400,4,31,3,DEEPSURV,694.915,391,591,166.128,190
team4_400,4,31,6,KNN,692.163,962,1001,193.569,472
team4_400,4,31,7,ELASTICNET,695.98,540,740,202.743,193
team4_400,4,31,1,RSF,686.4,984,1001,266.756,372
team4_400,4,31,9,BASELINE,683.408,633,833,270.432,0
team4_400,4,31,0,COX,681.815,977,1001,280.452,142
team4_400,4,31,2,GBSA,678.237,955,1001,280.638,165
team4_400,5,41,7,ELASTICNET,709.57,115,399,133.511,164
team4_400,5,41,5,WEIBULLAFT,701.583,422,622,207.428,207
team4_400,5,41,9,BASELINE,700.473,259,459,215.924,0
team4_400,5,41,2,GBSA,693.348,446,646,231.453,155
team4_400,5,41,6,KNN,684.617,539,739,235.684,238
team4_400,5,41,1,RSF,693.478,461,661,264.722,174
team4_400,5,41,3,DEEPSURV,695.402,489,689,270.403,118
team4_400,5,41,8,MTLR,686.699,967,1001,342.318,195
team4_400,5,41,4,SSVM,686.554,753,953,345.655,99
team4_400,5,41,0,COX,687.14,956,1001,376.269,41
team4_400,6,51,7,ELASTICNET,703.336,145,425,141.692,142
team4_400,6,51,0,COX,705.511,189,449,151.518,141
team4_400,6,51,4,SSVM,697.161,243,449,160.768,117
team4_400,6,51,3,DEEPSURV,705.572,213,413,169.672,117
team4_400,6,51,8,MTLR,711.687,410,610,199.343,220
team4_400,6,51,6,KNN,697.415,458,658,199.649,210
team4_400,6,51,1,RSF,699.547,444,644,217.312,192
team4_400,6,51,2,GBSA,686.628,631,831,259.423,147
team4_400,6,51,5,WEIBULLAFT,691.745,817,1001,297.038,230
team4_400,6,51,9,BASELINE,679.58,966,1001,355.984,0
team4_400,7,61,4,SSVM,701.578,161,441,158.334,154
team4_400,7,61,6,KNN,701.498,236,449,169.523,136
team4_400,7,61,5,WEIBULLAFT,703.278,357,557,174.374,238
team4_400,7,61,7,ELASTICNET,696.047,326,526,180.608,185
team4_400,7,61,3,DEEPSURV,691.707,316,516,211.87,130
team4_400,7,61,1,RSF,695.277,286,486,221.784,74
team4_400,7,61,8,MTLR,688.703,395,595,233.167,143
team4_400,7,61,2,GBSA,691.897,813,1001,244.705,465
team4_400,7,61,0,COX,687.215,543,743,269.56,63
team4_400,7,61,9,BASELINE,689.504,823,1001,351.57,0
team4_400,8,71,0,COX,706.897,148,428,96.2099,166
team4_400,8,71,6,KNN,700.3,220,449,118.844,117
team4_400,8,71,4,SSVM,708.094,467,667,128.348,311
team4_400,8,71,5,WEIBULLAFT,701.32,283,483,129.838,124
team4_400,8,71,2,GBSA,686.013,437,637,160.779,138
team4_400,8,71,7,ELASTICNET,695.653,563,763,203.564,69
team4_400,8,71,8,MTLR,686.66,560,760,215.719,44
team4_400,8,71,1,RSF,684.149,985,1001,255.303,201
team4_400,8,71,9,BASELINE,674.83,962,1001,257.215,0
team4_400,8,71,3,DEEPSURV,684.976,814,1001,265.445,26
team4_400,9,81,4,SSVM,698.495,206,449,113.123,145
team4_400,9,81,8,MTLR,700.367,322,522,143.154,149
team4_400,9,81,0,COX,699.614,153,433,145.788,10
team4_400,9,81,3,DEEPSURV,695.156,311,511,149.391,111
team4_400,9,81,5,WEIBULLAFT,701.758,502,702,184.925,150
team4_400,9,81,2,GBSA,684.706,779,979,206.339,316
team4_400,9,81,9,BASELINE,688.589,533,733,214.015,0
team4_400,9,81,7,ELASTICNET,687.907,988,1001,251.811,104
team4_400,9,81,6,KNN,682.645,933,1001,258.339,78
team4_400,9,81,1,RSF,684.553,873,1001,283.2,83
d493_or2,10,91,5,WEIBULLAFT,236.656,243,449,151.436,140
d493_or2,10,91,4,SSVM,235.725,364,564,152.06,259
d493_or2,10,91,7,ELASTICNET,235.361,359,559,169.565,196
d493_or2,10,91,2,GBSA,236.131,329,529,188.701,119
d493_or2,10,91,3,DEEPSURV,235.41,245,449,189.698,62
d493_or2,10,91,0,COX,235.091,407,607,202.4,128
d493_or2,10,91,6,KNN,234.895,808,1001,235.079,425
d493_or2,10,91,1,RSF,235.194,561,761,281.322,75
d493_or2,10,91,9,BASELINE,234.341,921,1001,335.151,0
d493_or2,10,91,8,MTLR,234.383,994,1001,346.96,11
d493_or2,1,1,6,KNN,235.54,213,413,118.138,176
d493_or2,1,1,8,MTLR,237.669,73,399,144.251,134
d493_or2,1,1,4,SSVM,237.091,351,551,147.752,260
d493_or2,1,1,3,DEEPSURV,237.052,199,449,151.38,152
d493_or2,1,1,5,WEIBULLAFT,234.497,432,632,170.021,267
d493_or2,1,1,1,RSF,235.819,281,481,173.746,141
d493_or2,1,1,9,BASELINE,235.065,249,449,184.91,0
d493_or2,1,1,7,ELASTICNET,234.922,505,705,216.126,155
d493_or2,1,1,2,GBSA,235.338,528,728,254.105,43
d493_or2,1,1,0,COX,234.709,982,1001,275.883,199
d493_or2,2,11,0,COX,236.46,242,449,148.573,117
d493_or2,2,11,6,KNN,235.744,592,792,168.204,427
d493_or2,2,11,1,RSF,235.147,353,553,195.497,163
d493_or2,2,11,4,SSVM,235.269,525,725,199.035,283
d493_or2,2,11,3,DEEPSURV,235.329,438,638,211.921,173
d493_or2,2,11,2,GBSA,235.186,864,1001,242.252,408
d493_or2,2,11,5,WEIBULLAFT,235.449,895,1001,256.928,376
d493_or2,2,11,7,ELASTICNET,234.986,801,1001,273.852,295
d493_or2,2,11,8,MTLR,234.938,831,1001,292.745,243
d493_or2,2,11,9,BASELINE,233.864,962,1001,339.192,0
d493_or2,3,21,4,SSVM,236.327,232,449,149.414,134
d493_or2,3,21,2,GBSA,235.98,203,449,168.244,105
d493_or2,3,21,7,ELASTICNET,235.854,567,767,182.922,374
d493_or2,3,21,0,COX,235.304,375,575,213.012,74
d493_or2,3,21,6,KNN,236.22,559,759,220.0,270
d493_or2,3,21,3,DEEPSURV,235.002,451,651,232.237,142
d493_or2,3,21,5,WEIBULLAFT,235.384,677,877,248.053,290
d493_or2,3,21,8,MTLR,235.958,808,1001,287.792,302
d493_or2,3,21,9,BASELINE,234.105,767,967,336.982,0
d493_or2,3,21,1,RSF,233.846,891,1001,374.228,21
d493_or2,4,31,4,SSVM,236.68,244,449,146.512,148
d493_or2,4,31,7,ELASTICNET,235.561,236,449,148.841,142
d493_or2,4,31,6,KNN,235.859,252,452,151.243,142
d493_or2,4,31,5,WEIBULLAFT,236.13,375,575,153.601,262
d493_or2,4,31,0,COX,236.091,413,613,157.401,272
d493_or2,4,31,2,GBSA,236.465,339,539,161.597,199
d493_or2,4,31,3,DEEPSURV,236.59,236,449,169.281,106
d493_or2,4,31,1,RSF,235.175,194,449,176.512,76
d493_or2,4,31,9,BASELINE,234.735,450,650,233.893,0
d493_or2,4,31,8,MTLR,234.945,910,1001,282.484,229
d493_or2,5,41,7,ELASTICNET,236.511,96,399,124.849,148
d493_or2,5,41,4,SSVM,236.284,194,449,139.014,164
d493_or2,5,41,6,KNN,236.562,388,588,160.933,253
d493_or2,5,41,5,WEIBULLAFT,236.053,476,676,165.917,335
d493_or2,5,41,0,COX,235.768,336,536,166.73,169
d493_or2,5,41,3,DEEPSURV,234.749,597,797,208.384,316
d493_or2,5,41,1,RSF,235.171,667,867,232.074,367
d493_or2,5,41,2,GBSA,235.061,443,643,241.299,43
d493_or2,5,41,9,BASELINE,234.456,944,1001,327.562,0
d493_or2,5,41,8,MTLR,234.321,953,1001,340.117,11
d493_or2,6,51,0,COX,236.309,291,491,172.521,119
d493_or2,6,51,6,KNN,234.969,594,794,172.704,420
d493_or2,6,51,5,WEIBULLAFT,236.207,332,532,175.411,158
d493_or2,6,51,8,MTLR,235.275,291,491,188.932,97
d493_or2,6,51,1,RSF,234.772,294,494,194.087,88
d493_or2,6,51,7,ELASTICNET,236.319,479,679,200.63,237
d493_or2,6,51,2,GBSA,234.981,974,1001,258.123,344
d493_or2,6,51,3,DEEPSURV,234.894,913,1001,313.835,133
d493_or2,6,51,9,BASELINE,235.031,763,963,331.34,0
d493_or2,6,51,4,SSVM,235.982,222,448,154.278,133
d493_or2,7,61,5,WEIBULLAFT,237.304,223,423,146.784,127
d493_or2,7,61,7,ELASTICNET,237.042,278,478,160.853,144
d493_or2,7,61,4,SSVM,235.766,626,826,161.988,501
d493_or2,7,61,8,MTLR,235.801,161,441,195.159,33
d493_or2,7,61,2,GBSA,235.801,322,522,195.753,94
d493_or2,7,61,0,COX,235.001,716,916,210.134,419
d493_or2,7,61,6,KNN,235.65,988,1001,250.828,394
d493_or2,7,61,3,DEEPSURV,234.287,961,1001,318.535,131
d493_or2,7,61,9,BASELINE,234.811,956,1001,336.016,0
d493_or2,7,61,1,RSF,234.435,870,1001,369.167,17
d493_or2,8,71,5,WEIBULLAFT,235.413,252,452,145.138,153
d493_or2,8,71,2,GBSA,236.572,259,459,152.46,146
d493_or2,8,71,6,KNN,236.129,229,449,155.277,143
d493_or2,8,71,7,ELASTICNET,236.21,221,449,158.356,118
d493_or2,8,71,4,SSVM,235.042,511,711,173.438,341
d493_or2,8,71,0,COX,235.95,898,1001,231.274,432
d493_or2,8,71,9,BASELINE,234.536,550,750,273.782,0
d493_or2,8,71,3,DEEPSURV,234.188,897,1001,294.547,237
d493_or2,8,71,1,RSF,235.068,617,817,315.487,9
d493_or2,8,71,8,MTLR,234.101,849,1001,336.041,53
d493_or2,9,81,1,RSF,236.455,212,449,168.401,123
d493_or2,9,81,7,ELASTICNET,236.04,418,618,169.6,262
d493_or2,9,81,5,WEIBULLAFT,235.128,499,699,201.789,254
d493_or2,9,81,6,KNN,235.294,704,904,203.761,457
d493_or2,9,81,4,SSVM,234.884,484,684,226.645,155
d493_or2,9,81,0,COX,235.701,438,638,227.888,103
d493_or2,9,81,2,GBSA,235.984,562,762,238.681,208
d493_or2,9,81,8,MTLR,234.209,786,986,327.356,93
d493_or2,9,81,3,DEEPSURV,234.3,965,1001,342.06,57
d493_or2,9,81,9,BASELINE,234.893,944,1001,344.979,0
kroD100_or10,10,91,4,SSVM,118.63,231,449,56.4483,133
kroD100_or10,10,91,6,KNN,117.361,238,449,59.9686,110
kroD100_or10,10,91,7,ELASTICNET,117.457,458,658,63.6073,294
kroD100_or10,10,91,5,WEIBULLAFT,118.095,359,559,65.3853,205
kroD100_or10,10,91,0,COX,117.31,365,565,72.2936,93
kroD100_or10,10,91,9,BASELINE,117.309,315,515,74.3204,0
kroD100_or10,10,91,3,DEEPSURV,117.309,410,610,83.9471,137
kroD100_or10,10,91,2,GBSA,117.309,525,725,91.9023,82
kroD100_or10,10,91,8,MTLR,117.309,486,686,103.988,0
kroD100_or10,10,91,1,RSF,117.309,538,738,115.745,25
kroD100_or10,1,1,0,COX,117.31,341,541,52.2151,196
kroD100_or10,1,1,7,ELASTICNET,118.076,263,463,59.132,81
kroD100_or10,1,1,5,WEIBULLAFT,117.309,249,449,62.4172,72
kroD100_or10,1,1,8,MTLR,117.371,256,456,68.918,118
kroD100_or10,1,1,6,KNN,117.312,644,844,77.355,311
kroD100_or10,1,1,2,GBSA,117.309,556,756,77.3686,230
kroD100_or10,1,1,4,SSVM,117.31,540,740,87.8859,82
kroD100_or10,1,1,3,DEEPSURV,117.309,407,607,91.9764,8
kroD100_or10,1,1,1,RSF,117.309,692,892,118.515,156
kroD100_or10,1,1,9,BASELINE,118.083,253,452,62.1373,0
kroD100_or10,2,11,5,WEIBULLAFT,118.084,234,449,56.9527,128
kroD100_or10,2,11,2,GBSA,118.083,224,449,57.0191,118
kroD100_or10,2,11,0,COX,117.757,388,588,59.8651,194
kroD100_or10,2,11,7,ELASTICNET,118.083,285,485,64.3981,76
kroD100_or10,2,11,6,KNN,117.412,566,766,66.0728,349
kroD100_or10,2,11,8,MTLR,117.31,195,449,72.3961,91
kroD100_or10,2,11,4,SSVM,117.31,615,815,74.6484,318
kroD100_or10,2,11,3,DEEPSURV,118.083,386,586,81.8462,119
kroD100_or10,2,11,9,BASELINE,117.309,500,700,87.87,0
kroD100_or10,2,11,1,RSF,117.31,589,789,98.7441,287
kroD100_or10,3,21,0,COX,118.085,124,404,42.6592,149
kroD100_or10,3,21,4,SSVM,117.356,250,450,54.1721,126
kroD100_or10,3,21,7,ELASTICNET,118.628,373,573,58.907,210
kroD100_or10,3,21,9,BASELINE,117.309,288,488,65.7859,0
kroD100_or10,3,21,2,GBSA,117.31,476,676,76.2096,162
kroD100_or10,3,21,6,KNN,117.309,398,598,81.8285,4
kroD100_or10,3,21,8,MTLR,117.309,448,648,90.9662,55
kroD100_or10,3,21,3,DEEPSURV,117.309,404,604,92.665,0
kroD100_or10,3,21,5,WEIBULLAFT,117.31,600,800,97.2969,90
kroD100_or10,3,21,1,RSF,117.309,675,875,117.116,185
kroD100_or10,4,31,6,KNN,117.319,193,449,52.8406,139
kroD100_or10,4,31,4,SSVM,117.31,379,579,69.5879,141
kroD100_or10,4,31,2,GBSA,117.343,449,649,70.3312,221
kroD100_or10,4,31,1,RSF,117.313,191,449,71.1304,103
kroD100_or10,4,31,0,COX,117.309,399,599,80.5442,28
kroD100_or10,4,31,3,DEEPSURV,117.309,267,467,82.8378,21
kroD100_or10,4,31,5,WEIBULLAFT,117.337,839,1001,90.1781,423
kroD100_or10,4,31,9,BASELINE,117.309,612,812,99.8716,0
kroD100_or10,4,31,8,MTLR,117.309,668,868,100.137,237
kroD100_or10,4,31,7,ELASTICNET,117.309,762,962,100.811,199
kroD100_or10,5,41,0,COX,117.488,338,538,58.1798,167
kroD100_or10,5,41,6,KNN,117.309,305,505,64.4229,112
kroD100_or10,5,41,4,SSVM,117.335,629,829,64.5514,442
kroD100_or10,5,41,7,ELASTICNET,117.309,367,567,66.8916,155
kroD100_or10,5,41,5,WEIBULLAFT,117.31,345,545,76.4301,73
kroD100_or10,5,41,2,GBSA,117.31,494,694,76.9654,206
kroD100_or10,5,41,3,DEEPSURV,117.309,255,455,77.3298,46
kroD100_or10,5,41,9,BASELINE,117.309,449,649,84.6823,0
kroD100_or10,5,41,1,RSF,117.309,406,606,97.4458,51
kroD100_or10,5,41,8,MTLR,117.309,662,862,111.62,67
kroD100_or10,6,51,5,WEIBULLAFT,117.343,118,399,51.2785,117
kroD100_or10,6,51,0,COX,117.316,317,517,53.7305,162
kroD100_or10,6,51,9,BASELINE,117.309,250,450,61.3069,0
kroD100_or10,6,51,7,ELASTICNET,118.083,221,449,61.781,40
kroD100_or10,6,51,6,KNN,117.963,447,647,62.1914,244
kroD100_or10,6,51,8,MTLR,118.083,287,487,66.3021,150
kroD100_or10,6,51,2,GBSA,117.309,390,590,70.4779,109
kroD100_or10,6,51,4,SSVM,117.309,379,579,71.7803,64
kroD100_or10,6,51,3,DEEPSURV,117.309,319,519,80.7196,9
kroD100_or10,6,51,1,RSF,117.309,460,660,86.817,163
kroD100_or10,7,61,7,ELASTICNET,118.084,305,505,58.0717,179
kroD100_or10,7,61,5,WEIBULLAFT,118.085,379,579,67.9239,213
kroD100_or10,7,61,4,SSVM,117.31,258,458,72.1121,26
kroD100_or10,7,61,6,KNN,117.309,323,523,78.8701,31
kroD100_or10,7,61,2,GBSA,117.309,389,589,80.5492,98
kroD100_or10,7,61,0,COX,117.309,546,746,82.3572,198
kroD100_or10,7,61,8,MTLR,117.309,496,696,87.0007,249
kroD100_or10,7,61,3,DEEPSURV,117.309,348,548,88.1857,78
kroD100_or10,7,61,9,BASELINE,117.309,534,734,96.7869,0
kroD100_or10,7,61,1,RSF,117.309,447,647,98.3998,134
kroD100_or10,8,71,7,ELASTICNET,117.32,219,449,53.7623,145
kroD100_or10,8,71,6,KNN,117.309,282,482,62.777,111
kroD100_or10,8,71,2,GBSA,117.309,270,470,71.5313,38
kroD100_or10,8,71,4,SSVM,117.31,341,541,78.5491,43
kroD100_or10,8,71,0,COX,117.309,356,556,78.8948,23
kroD100_or10,8,71,9,BASELINE,117.309,419,619,85.7241,0
kroD100_or10,8,71,8,MTLR,117.31,326,526,85.7551,80
kroD100_or10,8,71,5,WEIBULLAFT,117.309,968,1001,86.7959,493
kroD100_or10,8,71,3,DEEPSURV,118.083,332,532,90.6268,25
kroD100_or10,8,71,1,RSF,117.309,390,590,100.043,43
kroD100_or10,9,81,0,COX,118.074,173,449,46.966,172
kroD100_or10,9,81,7,ELASTICNET,117.31,152,432,58.5259,89
kroD100_or10,9,81,6,KNN,117.312,668,868,66.1668,487
kroD100_or10,9,81,2,GBSA,117.341,287,487,78.123,7
kroD100_or10,9,81,4,SSVM,117.309,852,1001,78.175,526
kroD100_or10,9,81,3,DEEPSURV,117.31,274,474,82.2142,53
kroD100_or10,9,81,5,WEIBULLAFT,118.083,585,785,90.6437,216
kroD100_or10,9,81,9,BASELINE,117.309,520,720,95.3741,0
kroD100_or10,9,81,1,RSF,117.31,565,765,100.827,268
kroD100_or10,9,81,8,MTLR,117.309,604,804,113.248,37
rat195_or10,10,91,0,COX,117.295,113,399,48.7786,175
rat195_or10,10,91,6,KNN,115.603,194,449,60.4712,165
rat195_or10,10,91,5,WEIBULLAFT,117.649,289,489,71.229,162
rat195_or10,10,91,4,SSVM,115.873,248,449,73.4646,91
rat195_or10,10,91,8,MTLR,116.005,270,470,80.5752,123
rat195_or10,10,91,2,GBSA,114.021,541,741,96.3237,224
rat195_or10,10,91,3,DEEPSURV,113.865,439,639,98.5676,159
rat195_or10,10,91,9,BASELINE,114.337,415,615,101.233,0
rat195_or10,10,91,7,ELASTICNET,114.135,678,878,104.123,294
rat195_or10,10,91,1,RSF,113.041,992,1001,166.687,67
rat195_or10,1,1,7,ELASTICNET,115.937,169,449,84.2329,130
rat195_or10,1,1,4,SSVM,113.706,245,449,85.8146,131
rat195_or10,1,1,5,WEIBULLAFT,113.639,231,449,103.175,71
rat195_or10,1,1,0,COX,114.732,614,814,142.367,233
rat195_or10,1,1,6,KNN,111.979,974,1001,176.934,250
rat195_or10,1,1,3,DEEPSURV,112.245,766,966,198.151,159
rat195_or10,1,1,2,GBSA,113.297,975,1001,200.94,109
rat195_or10,1,1,8,MTLR,113.047,728,928,208.697,73
rat195_or10,1,1,9,BASELINE,113.01,929,1001,212.764,0
rat195_or10,1,1,1,RSF,112.321,643,843,226.109,27
rat195_or10,2,11,4,SSVM,116.863,19,399,72.7954,129
rat195_or10,2,11,0,COX,116.659,269,469,78.0507,107
rat195_or10,2,11,6,KNN,114.748,458,658,105.735,185
rat195_or10,2,11,8,MTLR,114.866,504,704,115.228,217
rat195_or10,2,11,1,RSF,113.29,486,686,126.515,180
rat195_or10,2,11,7,ELASTICNET,114.157,526,726,128.451,83
rat195_or10,2,11,3,DEEPSURV,113.17,555,755,137.433,97
rat195_or10,2,11,9,BASELINE,112.475,904,1001,156.486,0
rat195_or10,2,11,5,WEIBULLAFT,111.242,987,1001,158.63,80
rat195_or10,2,11,2,GBSA,113.339,844,1001,159.93,58
rat195_or10,3,21,4,SSVM,116.055,198,449,66.845,149
rat195_or10,3,21,5,WEIBULLAFT,116.383,223,423,72.3935,106
rat195_or10,3,21,6,KNN,115.165,218,449,76.4143,92
rat195_or10,3,21,0,COX,116.511,156,436,83.2148,28
rat195_or10,3,21,3,DEEPSURV,116.143,314,514,90.8896,122
rat195_or10,3,21,7,ELASTICNET,116.08,597,797,91.2541,347
rat195_or10,3,21,8,MTLR,115.469,324,524,93.1555,119
rat195_or10,3,21,2,GBSA,113.179,554,754,98.5964,239
rat195_or10,3,21,1,RSF,112.948,989,1001,121.671,512
rat195_or10,3,21,9,BASELINE,112.988,709,909,138.613,0
rat195_or10,4,31,0,COX,116.022,219,449,60.9176,159
rat195_or10,4,31,4,SSVM,116.816,160,440,67.935,129
rat195_or10,4,31,7,ELASTICNET,114.425,312,512,75.4421,152
rat195_or10,4,31,1,RSF,115.378,151,431,80.2262,111
rat195_or10,4,31,5,WEIBULLAFT,116.962,408,608,81.0925,242
rat195_or10,4,31,2,GBSA,114.148,562,762,105.678,192
rat195_or10,4,31,6,KNN,112.941,622,822,115.352,175
rat195_or10,4,31,3,DEEPSURV,111.777,978,1001,144.919,153
rat195_or10,4,31,9,BASELINE,113.23,942,1001,149.623,0
rat195_or10,4,31,8,MTLR,112.895,927,1001,156.703,31
rat195_or10,5,41,0,COX,114.791,526,726,75.8159,353
rat195_or10,5,41,6,KNN,116.934,378,578,78.8322,208
rat195_or10,5,41,2,GBSA,114.174,563,763,90.5004,332
rat195_or10,5,41,8,MTLR,114.561,305,505,97.3478,73
rat195_or10,5,41,4,SSVM,115.086,395,595,98.9928,96
rat195_or10,5,41,5,WEIBULLAFT,115.292,875,1001,104.898,493
rat195_or10,5,41,1,RSF,115.016,525,725,107.855,338
rat195_or10,5,41,7,ELASTICNET,113.449,739,939,142.276,64
rat195_or10,5,41,9,BASELINE,112.775,849,1001,151.276,0
rat195_or10,5,41,3,DEEPSURV,111.666,975,1001,159.992,22
rat195_or10,6,51,0,COX,115.045,227,449,61.0022,152
rat195_or10,6,51,4,SSVM,115.623,576,776,67.7254,467
rat195_or10,6,51,5,WEIBULLAFT,115.76,289,489,76.9408,130
rat195_or10,6,51,6,KNN,115.245,985,1001,107.234,436
rat195_or10,6,51,2,GBSA,115.104,534,734,108.752,161
rat195_or10,6,51,7,ELASTICNET,115.161,488,688,108.897,100
rat195_or10,6,51,1,RSF,114.942,619,819,122.813,331
rat195_or10,6,51,3,DEEPSURV,112.769,936,1001,132.936,281
rat195_or10,6,51,9,BASELINE,110.688,756,956,147.539,0
rat195_or10,6,51,8,MTLR,112.346,995,1001,165.24,12
rat195_or10,7,61,0,COX,114.618,209,449,59.6867,167
rat195_or10,7,61,4,SSVM,115.689,219,449,64.5485,155
rat195_or10,7,61,5,WEIBULLAFT,114.884,185,449,70.4171,137
rat195_or10,7,61,6,KNN,115.89,294,494,79.9408,104
rat195_or10,7,61,2,GBSA,114.103,460,660,89.3978,201
rat195_or10,7,61,1,RSF,114.292,363,563,107.833,71
rat195_or10,7,61,7,ELASTICNET,113.052,731,931,121.254,212
rat195_or10,7,61,9,BASELINE,111.703,874,1001,149.784,0
rat195_or10,7,61,3,DEEPSURV,112.907,981,1001,152.656,71
rat195_or10,7,61,8,MTLR,112.818,855,1001,159.188,17
rat195_or10,8,71,0,COX,118.116,223,449,60.8374,168
rat195_or10,8,71,5,WEIBULLAFT,117.092,211,449,68.8446,155
rat195_or10,8,71,6,KNN,113.895,345,545,82.0766,152
rat195_or10,8,71,2,GBSA,112.681,569,769,108.077,213
rat195_or10,8,71,8,MTLR,114.276,385,585,110.535,64
rat195_or10,8,71,4,SSVM,113.407,909,1001,124.84,320
rat195_or10,8,71,9,BASELINE,112.879,705,905,146.943,0
rat195_or10,8,71,7,ELASTICNET,113.615,982,1001,151.806,102
rat195_or10,8,71,3,DEEPSURV,112.001,836,1001,161.576,59
rat195_or10,8,71,1,RSF,113.651,993,1001,191.557,0
rat195_or10,9,81,0,COX,117.241,378,578,60.8861,281
rat195_or10,9,81,4,SSVM,116.347,158,438,64.9268,136
rat195_or10,9,81,7,ELASTICNET,115.929,310,510,75.476,139
rat195_or10,9,81,3,DEEPSURV,115.665,266,466,77.2228,141
rat195_or10,9,81,8,MTLR,116.8,284,484,89.082,86
rat195_or10,9,81,5,WEIBULLAFT,115.015,727,927,100.887,415
rat195_or10,9,81,9,BASELINE,111.835,582,782,124.507,0
rat195_or10,9,81,6,KNN,114.041,581,781,125.576,24
rat195_or10,9,81,1,RSF,111.815,934,1001,135.015,407
rat195_or10,9,81,2,GBSA,112.324,948,1001,150.347,12
lin318_or30,10,91,0,COX,901.626,243,449,54.9275,177
lin318_or30,10,91,4,SSVM,901.516,147,427,65.007,112
lin318_or30,10,91,5,WEIBULLAFT,901.535,226,449,65.168,157
lin318_or30,10,91,6,KNN,901.508,300,500,66.8147,170
lin318_or30,10,91,2,GBSA,901.516,244,444,67.4963,125
lin318_or30,10,91,7,ELASTICNET,901.526,418,618,76.3434,211
lin318_or30,10,91,9,BASELINE,901.508,277,477,77.8874,0
lin318_or30,10,91,3,DEEPSURV,901.508,314,514,86.9758,78
lin318_or30,10,91,1,RSF,901.508,287,487,88.1249,64
lin318_or30,10,91,8,MTLR,901.508,449,649,98.8118,89
lin318_or30,1,1,9,BASELINE,901.594,88,288,48.7642,0
lin318_or30,1,1,0,COX,902.206,296,496,51.0278,223
lin318_or30,1,1,4,SSVM,901.688,242,449,53.8365,176
lin318_or30,1,1,2,GBSA,902.016,96,399,55.0445,131
lin318_or30,1,1,5,WEIBULLAFT,901.508,204,449,59.4792,140
lin318_or30,1,1,3,DEEPSURV,901.521,222,449,68.1341,124
lin318_or30,1,1,6,KNN,901.508,388,588,77.5787,108
lin318_or30,1,1,8,MTLR,901.508,407,607,79.447,180
lin318_or30,1,1,7,ELASTICNET,901.508,487,687,87.082,93
lin318_or30,1,1,1,RSF,901.508,291,491,87.5447,5
lin318_or30,2,11,6,KNN,901.565,245,449,61.0581,158
lin318_or30,2,11,7,ELASTICNET,901.508,266,466,63.8197,150
lin318_or30,2,11,4,SSVM,901.508,221,449,67.991,108
lin318_or30,2,11,9,BASELINE,901.508,216,416,71.8247,0
lin318_or30,2,11,5,WEIBULLAFT,901.509,127,407,73.2598,40
lin318_or30,2,11,2,GBSA,901.508,300,500,75.5693,104
lin318_or30,2,11,3,DEEPSURV,901.682,207,449,75.8497,116
lin318_or30,2,11,8,MTLR,901.636,146,426,76.9128,89
lin318_or30,2,11,0,COX,901.508,364,564,86.9437,24
lin318_or30,2,11,1,RSF,901.509,398,598,91.4929,168
lin318_or30,3,21,4,SSVM,901.508,160,440,63.6941,140
lin318_or30,3,21,5,WEIBULLAFT,901.508,191,449,67.5176,140
lin318_or30,3,21,6,KNN,901.508,164,444,74.0891,75
lin318_or30,3,21,2,GBSA,901.508,275,475,76.7283,98
lin318_or30,3,21,1,RSF,901.508,65,399,78.9344,81
lin318_or30,3,21,7,ELASTICNET,901.51,619,819,79.6778,412
lin318_or30,3,21,9,BASELINE,901.508,296,496,83.8322,0
lin318_or30,3,21,8,MTLR,901.508,245,449,85.831,53
lin318_or30,3,21,3,DEEPSURV,901.508,250,450,90.8131,12
lin318_or30,3,21,0,COX,901.508,572,772,112.254,12
lin318_or30,4,31,5,WEIBULLAFT,901.516,179,449,65.044,151
lin318_or30,4,31,0,COX,901.508,301,501,65.1391,160
lin318_or30,4,31,2,GBSA,901.508,221,449,67.8807,130
lin318_or30,4,31,3,DEEPSURV,902.531,247,447,68.361,189
lin318_or30,4,31,8,MTLR,901.509,162,442,74.6609,136
lin318_or30,4,31,9,BASELINE,901.508,262,462,77.2594,0
lin318_or30,4,31,7,ELASTICNET,901.508,266,466,77.8907,41
lin318_or30,4,31,1,RSF,901.508,88,399,81.7679,18
lin318_or30,4,31,6,KNN,901.516,470,670,100.801,18
lin318_or30,4,31,4,SSVM,901.856,321,520,66.6903,200
lin318_or30,5,41,4,SSVM,901.508,104,399,47.8896,188
lin318_or30,5,41,0,COX,901.698,133,413,48.2477,181
lin318_or30,5,41,6,KNN,901.516,132,412,58.0532,133
lin318_or30,5,41,7,ELASTICNET,901.508,189,449,70.3702,77
lin318_or30,5,41,3,DEEPSURV,901.508,293,493,74.2374,163
lin318_or30,5,41,2,GBSA,901.508,468,668,76.7594,267
lin318_or30,5,41,5,WEIBULLAFT,901.508,151,431,76.8025,23
lin318_or30,5,41,8,MTLR,901.587,203,449,77.8903,92
lin318_or30,5,41,9,BASELINE,901.508,331,531,83.3452,0
lin318_or30,5,41,1,RSF,901.508,439,639,93.7995,196
lin318_or30,6,51,6,KNN,902.054,108,399,54.8396,153
lin318_or30,6,51,7,ELASTICNET,901.535,188,449,60.8289,159
lin318_or30,6,51,4,SSVM,901.517,335,535,64.8481,214
lin318_or30,6,51,2,GBSA,901.562,218,449,66.7785,133
lin318_or30,6,51,9,BASELINE,901.508,203,403,68.6904,0
lin318_or30,6,51,5,WEIBULLAFT,901.604,206,406,69.8148,65
lin318_or30,6,51,0,COX,901.508,266,466,77.1517,17
lin318_or30,6,51,1,RSF,901.508,317,517,83.0331,129
lin318_or30,6,51,3,DEEPSURV,901.508,431,631,100.772,17
lin318_or30,6,51,8,MTLR,901.508,530,730,112.951,2
lin318_or30,7,61,0,COX,901.508,131,411,59.908,120
lin318_or30,7,61,4,SSVM,901.708,193,449,61.7572,166
lin318_or30,7,61,6,KNN,901.879,239,449,64.6767,145
lin318_or30,7,61,5,WEIBULLAFT,901.508,216,449,76.6934,74
lin318_or30,7,61,2,GBSA,901.508,233,449,84.0936,15
lin318_or30,7,61,3,DEEPSURV,901.508,397,597,89.2073,184
lin318_or30,7,61,9,BASELINE,901.508,383,583,94.2488,0
lin318_or30,7,61,1,RSF,901.508,288,488,95.9858,48
lin318_or30,7,61,8,MTLR,901.508,484,684,111.761,58
lin318_or30,7,61,7,ELASTICNET,901.508,773,973,115.261,234
lin318_or30,8,71,7,ELASTICNET,901.537,132,412,57.8681,144
lin318_or30,8,71,0,COX,901.566,321,521,61.6903,211
lin318_or30,8,71,6,KNN,901.576,98,399,62.093,107
lin318_or30,8,71,4,SSVM,901.508,192,449,63.4267,147
lin318_or30,8,71,5,WEIBULLAFT,901.508,300,500,75.7697,124
lin318_or30,8,71,3,DEEPSURV,901.557,235,449,78.0458,110
lin318_or30,8,71,1,RSF,901.508,435,635,94.5357,232
lin318_or30,8,71,2,GBSA,901.508,380,580,95.3984,17
lin318_or30,8,71,8,MTLR,901.508,339,539,99.0553,1
lin318_or30,8,71,9,BASELINE,901.508,545,745,107.679,0
lin318_or30,9,81,4,SSVM,901.525,236,449,55.9984,189
lin318_or30,9,81,0,COX,901.508,196,449,57.203,166
lin318_or30,9,81,7,ELASTICNET,901.512,150,430,60.7477,134
lin318_or30,9,81,6,KNN,901.605,360,560,67.5286,229
lin318_or30,9,81,9,BASELINE,901.508,323,523,85.461,0
lin318_or30,9,81,1,RSF,901.508,194,449,88.2777,38
lin318_or30,9,81,3,DEEPSURV,901.508,172,449,88.3184,16
lin318_or30,9,81,5,WEIBULLAFT,901.508,346,546,92.3418,28
lin318_or30,9,81,2,GBSA,901.508,435,635,100.326,24
lin318_or30,9,81,8,MTLR,901.508,436,636,101.454,79
dsj1000rdmRad,10,91,0,COX,626.527,201,449,58.6756,158
dsj1000rdmRad,10,91,5,WEIBULLAFT,625.631,290,490,65.1096,195
dsj1000rdmRad,10,91,6,KNN,626.628,228,449,68.5876,118
dsj1000rdmRad,10,91,1,RSF,625.954,360,560,88.785,210
dsj1000rdmRad,10,91,8,MTLR,624.844,484,684,98.524,202
dsj1000rdmRad,10,91,3,DEEPSURV,625.513,408,608,106.777,56
dsj1000rdmRad,10,91,9,BASELINE,624.779,672,872,132.418,0
dsj1000rdmRad,10,91,7,ELASTICNET,625.33,959,1001,134.387,149
dsj1000rdmRad,10,91,4,SSVM,624.878,987,1001,139.557,99
dsj1000rdmRad,10,91,2,GBSA,624.757,942,1001,142.579,94
dsj1000rdmRad,1,1,4,SSVM,625.022,253,453,72.1975,115
dsj1000rdmRad,1,1,0,COX,625.806,192,449,75.0577,76
dsj1000rdmRad,1,1,6,KNN,625.696,360,560,77.6279,190
dsj1000rdmRad,1,1,7,ELASTICNET,626.047,333,533,83.8886,114
dsj1000rdmRad,1,1,2,GBSA,625.541,583,783,92.4328,319
dsj1000rdmRad,1,1,5,WEIBULLAFT,625.5,321,521,98.0074,15
dsj1000rdmRad,1,1,3,DEEPSURV,625.599,392,592,98.082,138
dsj1000rdmRad,1,1,8,MTLR,625.728,508,708,124.408,1
dsj1000rdmRad,1,1,9,BASELINE,624.63,857,1001,145.368,0
dsj1000rdmRad,1,1,1,RSF,624.941,869,1001,151.931,240
dsj1000rdmRad,2,11,4,SSVM,626.401,189,449,64.1162,162
dsj1000rdmRad,2,11,6,KNN,625.148,230,449,72.1931,113
dsj1000rdmRad,2,11,2,GBSA,625.687,858,1001,87.8891,577
dsj1000rdmRad,2,11,0,COX,625.094,506,706,98.3203,171
dsj1000rdmRad,2,11,9,BASELINE,625.481,488,688,116.926,0
dsj1000rdmRad,2,11,5,WEIBULLAFT,625.612,724,924,122.991,268
dsj1000rdmRad,2,11,7,ELASTICNET,625.418,810,1001,123.141,299
dsj1000rdmRad,2,11,1,RSF,625.524,430,630,130.926,6
dsj1000rdmRad,2,11,3,DEEPSURV,625.481,711,911,150.743,22
dsj1000rdmRad,2,11,8,MTLR,625.48,758,958,155.306,17
dsj1000rdmRad,3,21,0,COX,625.987,306,506,67.4209,208
dsj1000rdmRad,3,21,4,SSVM,625.924,365,565,82.6272,195
dsj1000rdmRad,3,21,5,WEIBULLAFT,625.537,345,545,100.623,64
dsj1000rdmRad,3,21,8,MTLR,625.916,353,553,117.139,90
dsj1000rdmRad,3,21,6,KNN,625.48,524,724,120.37,85
dsj1000rdmRad,3,21,1,RSF,625.512,485,685,121.514,216
dsj1000rdmRad,3,21,2,GBSA,625.507,733,933,122.78,289
dsj1000rdmRad,3,21,3,DEEPSURV,625.509,526,726,126.062,140
dsj1000rdmRad,3,21,9,BASELINE,625.046,693,893,137.659,0
dsj1000rdmRad,3,21,7,ELASTICNET,625.374,794,994,145.586,121
dsj1000rdmRad,4,31,4,SSVM,626.166,162,442,68.9189,125
dsj1000rdmRad,4,31,0,COX,625.668,446,646,100.52,121
dsj1000rdmRad,4,31,6,KNN,625.481,520,720,106.904,166
dsj1000rdmRad,4,31,5,WEIBULLAFT,625.28,446,646,108.087,108
dsj1000rdmRad,4,31,2,GBSA,625.697,379,579,109.428,23
dsj1000rdmRad,4,31,7,ELASTICNET,625.48,553,753,118.387,115
dsj1000rdmRad,4,31,1,RSF,625.772,360,560,119.158,31
dsj1000rdmRad,4,31,8,MTLR,625.514,511,711,125.819,84
dsj1000rdmRad,4,31,3,DEEPSURV,625.184,671,871,149.246,19
dsj1000rdmRad,4,31,9,BASELINE,624.858,949,1001,152.023,0
dsj1000rdmRad,5,41,0,COX,625.858,249,449,57.3139,179
dsj1000rdmRad,5,41,6,KNN,625.515,264,464,72.6343,120
dsj1000rdmRad,5,41,7,ELASTICNET,625.905,346,546,75.749,180
dsj1000rdmRad,5,41,5,WEIBULLAFT,625.656,381,581,77.4704,230
dsj1000rdmRad,5,41,4,SSVM,625.507,214,449,78.7483,63
dsj1000rdmRad,5,41,2,GBSA,625.144,678,878,103.305,316
dsj1000rdmRad,5,41,9,BASELINE,625.595,563,763,120.245,0
dsj1000rdmRad,5,41,1,RSF,625.507,606,806,138.658,168
dsj1000rdmRad,5,41,8,MTLR,624.61,934,1001,154.314,73
dsj1000rdmRad,5,41,3,DEEPSURV,625.325,824,1001,160.022,32
dsj1000rdmRad,6,51,6,KNN,625.823,358,558,71.1995,227
dsj1000rdmRad,6,51,4,SSVM,625.897,279,479,72.0052,143
dsj1000rdmRad,6,51,0,COX,625.745,565,765,79.4475,365
dsj1000rdmRad,6,51,3,DEEPSURV,625.507,222,449,88.9405,57
dsj1000rdmRad,6,51,7,ELASTICNET,625.724,611,811,104.727,258
dsj1000rdmRad,6,51,8,MTLR,624.875,998,1001,122.249,372
dsj1000rdmRad,6,51,1,RSF,625.622,592,792,122.433,307
dsj1000rdmRad,6,51,9,BASELINE,625.48,616,816,129.795,0
dsj1000rdmRad,6,51,2,GBSA,625.168,976,1001,146.882,86
dsj1000rdmRad,6,51,5,WEIBULLAFT,625.278,774,974,153.712,37
dsj1000rdmRad,7,61,0,COX,625.563,249,449,66.7185,123
dsj1000rdmRad,7,61,7,ELASTICNET,625.725,238,449,70.9475,107
dsj1000rdmRad,7,61,5,WEIBULLAFT,625.56,491,691,83.6875,296
dsj1000rdmRad,7,61,6,KNN,625.769,721,921,88.2648,473
dsj1000rdmRad,7,61,9,BASELINE,625.601,450,650,108.586,0
dsj1000rdmRad,7,61,3,DEEPSURV,625.484,543,743,129.371,27
dsj1000rdmRad,7,61,4,SSVM,624.898,691,891,131.42,88
dsj1000rdmRad,7,61,2,GBSA,625.726,601,801,132.671,2
dsj1000rdmRad,7,61,1,RSF,625.685,726,926,133.376,369
dsj1000rdmRad,7,61,8,MTLR,625.481,958,1001,157.771,31
dsj1000rdmRad,8,71,4,SSVM,626.033,264,464,68.2485,147
dsj1000rdmRad,8,71,5,WEIBULLAFT,625.674,386,586,70.412,276
dsj1000rdmRad,8,71,0,COX,625.811,327,527,71.6551,162
dsj1000rdmRad,8,71,6,KNN,625.753,240,449,73.4109,89
dsj1000rdmRad,8,71,8,MTLR,625.566,430,630,90.3636,218
dsj1000rdmRad,8,71,3,DEEPSURV,625.593,427,627,107.006,87
dsj1000rdmRad,8,71,7,ELASTICNET,625.507,506,706,113.997,19
dsj1000rdmRad,8,71,1,RSF,625.485,514,714,122.293,128
dsj1000rdmRad,8,71,9,BASELINE,625.481,926,1001,144.105,0
dsj1000rdmRad,8,71,2,GBSA,624.828,986,1001,144.831,51
dsj1000rdmRad,9,81,8,MTLR,626.645,237,449,82.8943,106
dsj1000rdmRad,9,81,4,SSVM,626.032,456,656,84.9003,240
dsj1000rdmRad,9,81,5,WEIBULLAFT,625.472,403,603,85.3541,196
dsj1000rdmRad,9,81,7,ELASTICNET,625.06,298,498,85.5859,60
dsj1000rdmRad,9,81,0,COX,625.298,531,731,95.3738,198
dsj1000rdmRad,9,81,2,GBSA,625.509,378,578,96.4928,72
dsj1000rdmRad,9,81,6,KNN,625.481,797,997,112.732,344
dsj1000rdmRad,9,81,9,BASELINE,625.185,539,739,117.327,0
dsj1000rdmRad,9,81,1,RSF,625.73,664,864,125.956,329
dsj1000rdmRad,9,81,3,DEEPSURV,625.481,803,1001,144.297,94
kroD100rdmRad,10,91,4,SSVM,142.964,210,449,57.2513,73
kroD100rdmRad,10,91,5,WEIBULLAFT,142.002,208,408,59.6519,43
kroD100rdmRad,10,91,6,KNN,141.829,304,504,65.6264,58
kroD100rdmRad,10,91,0,COX,141.829,374,574,75.2085,10
kroD100rdmRad,10,91,8,MTLR,141.893,246,449,75.9124,16
kroD100rdmRad,10,91,3,DEEPSURV,141.829,261,461,77.48,4
kroD100rdmRad,10,91,9,BASELINE,141.832,577,777,91.6372,0
kroD100rdmRad,10,91,7,ELASTICNET,141.831,552,752,91.8869,29
kroD100rdmRad,10,91,2,GBSA,141.829,812,1001,92.303,297
kroD100rdmRad,10,91,1,RSF,141.829,541,741,106.193,78
kroD100rdmRad,1,1,0,COX,142.06,196,449,37.2235,199
kroD100rdmRad,1,1,4,SSVM,142.121,246,449,47.5043,137
kroD100rdmRad,1,1,9,BASELINE,141.829,178,378,48.6476,0
kroD100rdmRad,1,1,7,ELASTICNET,141.829,221,449,51.0154,105
kroD100rdmRad,1,1,2,GBSA,141.957,253,453,55.9207,72
kroD100rdmRad,1,1,1,RSF,141.942,214,414,59.0342,106
kroD100rdmRad,1,1,6,KNN,142.001,572,772,62.1441,321
kroD100rdmRad,1,1,3,DEEPSURV,142.916,524,724,78.0972,152
kroD100rdmRad,1,1,5,WEIBULLAFT,141.829,469,669,79.4612,19
kroD100rdmRad,1,1,8,MTLR,141.832,668,868,82.5429,251
kroD100rdmRad,2,11,6,KNN,142.03,291,491,53.5465,145
kroD100rdmRad,2,11,5,WEIBULLAFT,141.988,182,449,54.812,116
kroD100rdmRad,2,11,0,COX,141.829,344,544,58.0967,131
kroD100rdmRad,2,11,2,GBSA,141.829,530,730,73.7974,222
kroD100rdmRad,2,11,4,SSVM,142.931,376,576,75.5532,28
kroD100rdmRad,2,11,1,RSF,141.839,394,594,80.6301,178
kroD100rdmRad,2,11,7,ELASTICNET,141.829,524,724,88.7739,35
kroD100rdmRad,2,11,8,MTLR,141.829,502,702,93.5168,61
kroD100rdmRad,2,11,9,BASELINE,141.829,626,826,95.8152,0
kroD100rdmRad,2,11,3,DEEPSURV,141.829,555,755,99.4278,29
kroD100rdmRad,3,21,0,COX,143.111,113,399,34.8162,183
kroD100rdmRad,3,21,5,WEIBULLAFT,142.041,268,468,57.28,121
kroD100rdmRad,3,21,4,SSVM,143.219,481,681,64.9406,245
kroD100rdmRad,3,21,2,GBSA,141.829,322,522,73.9567,9
kroD100rdmRad,3,21,6,KNN,141.97,720,920,81.6161,331
kroD100rdmRad,3,21,8,MTLR,142.916,434,634,89.5525,30
kroD100rdmRad,3,21,7,ELASTICNET,141.829,664,864,100.824,41
kroD100rdmRad,3,21,9,BASELINE,141.829,782,982,109.676,0
kroD100rdmRad,3,21,1,RSF,141.829,620,820,110.471,183
kroD100rdmRad,3,21,3,DEEPSURV,141.829,803,1001,119.655,39
kroD100rdmRad,4,31,5,WEIBULLAFT,141.839,313,513,60.8354,133
kroD100rdmRad,4,31,3,DEEPSURV,141.986,179,449,62.5805,123
kroD100rdmRad,4,31,2,GBSA,141.986,376,576,70.1621,89
kroD100rdmRad,4,31,0,COX,142.916,361,561,70.484,22
kroD100rdmRad,4,31,6,KNN,141.865,807,1001,82.3522,380
kroD100rdmRad,4,31,4,SSVM,141.829,792,992,85.2914,348
kroD100rdmRad,4,31,1,RSF,141.847,468,668,91.7558,159
kroD100rdmRad,4,31,9,BASELINE,141.829,603,803,92.2852,0
kroD100rdmRad,4,31,8,MTLR,141.829,610,810,95.9939,131
kroD100rdmRad,4,31,7,ELASTICNET,142.026,261,461,52.788,116
kroD100rdmRad,5,41,0,COX,141.829,233,449,41.6533,169
kroD100rdmRad,5,41,2,GBSA,143.073,308,508,57.6721,132
kroD100rdmRad,5,41,8,MTLR,141.832,151,431,60.7533,116
kroD100rdmRad,5,41,5,WEIBULLAFT,141.829,548,748,66.1037,337
kroD100rdmRad,5,41,6,KNN,142.01,433,633,66.3983,164
kroD100rdmRad,5,41,7,ELASTICNET,141.832,562,762,72.3087,237
kroD100rdmRad,5,41,3,DEEPSURV,141.829,364,564,77.4768,73
kroD100rdmRad,5,41,9,BASELINE,142.916,483,683,80.3011,0
kroD100rdmRad,5,41,4,SSVM,141.829,664,864,81.7988,232
kroD100rdmRad,5,41,1,RSF,141.829,649,849,108.062,159
kroD100rdmRad,6,51,5,WEIBULLAFT,142.02,286,486,55.9384,137
kroD100rdmRad,6,51,6,KNN,142.139,385,585,57.046,206
kroD100rdmRad,6,51,2,GBSA,141.841,376,576,61.7243,174
kroD100rdmRad,6,51,4,SSVM,141.966,736,936,74.2613,418
kroD100rdmRad,6,51,3,DEEPSURV,141.829,337,537,83.0292,5
kroD100rdmRad,6,51,0,COX,141.829,474,674,83.1742,18
kroD100rdmRad,6,51,7,ELASTICNET,141.829,693,893,86.0608,233
kroD100rdmRad,6,51,8,MTLR,141.829,899,1001,103.324,246
kroD100rdmRad,6,51,9,BASELINE,141.829,837,1001,109.357,0
kroD100rdmRad,6,51,1,RSF,141.829,622,822,111.23,141
kroD100rdmRad,7,61,1,RSF,143.195,239,449,63.88,126
kroD100rdmRad,7,61,8,MTLR,141.829,414,614,79.9131,160
kroD100rdmRad,7,61,4,SSVM,141.829,925,1001,84.6139,410
kroD100rdmRad,7,61,3,DEEPSURV,141.841,553,753,86.2233,244
kroD100rdmRad,7,61,7,ELASTICNET,142.916,529,729,89.0708,79
kroD100rdmRad,7,61,5,WEIBULLAFT,141.829,433,633,90.9033,4
kroD100rdmRad,7,61,6,KNN,141.829,557,757,92.5075,76
kroD100rdmRad,7,61,0,COX,141.829,551,751,93.8021,20
kroD100rdmRad,7,61,2,GBSA,141.832,988,1001,101.887,219
kroD100rdmRad,7,61,9,BASELINE,142.916,667,867,102.313,0
kroD100rdmRad,8,71,0,COX,142.079,120,400,33.191,191
kroD100rdmRad,8,71,4,SSVM,141.831,328,528,52.9428,182
kroD100rdmRad,8,71,8,MTLR,141.993,272,472,62.1973,133
kroD100rdmRad,8,71,7,ELASTICNET,141.829,530,730,71.13,216
kroD100rdmRad,8,71,5,WEIBULLAFT,141.871,423,623,73.0433,117
kroD100rdmRad,8,71,1,RSF,141.832,326,526,80.2997,63
kroD100rdmRad,8,71,3,DEEPSURV,142.916,501,701,81.5907,169
kroD100rdmRad,8,71,9,BASELINE,141.829,497,697,82.9586,0
kroD100rdmRad,8,71,6,KNN,141.829,658,858,90.5059,114
kroD100rdmRad,8,71,2,GBSA,141.829,876,1001,94.3517,224
kroD100rdmRad,9,81,5,WEIBULLAFT,142.158,135,415,50.0773,123
kroD100rdmRad,9,81,0,COX,141.989,699,899,56.3861,499
kroD100rdmRad,9,81,8,MTLR,143.095,109,399,57.2226,118
kroD100rdmRad,9,81,7,ELASTICNET,141.829,531,731,72.0485,216
kroD100rdmRad,9,81,3,DEEPSURV,141.829,485,685,78.9222,209
kroD100rdmRad,9,81,6,KNN,141.829,802,1001,84.6247,367
kroD100rdmRad,9,81,2,GBSA,141.831,641,841,88.7065,174
kroD100rdmRad,9,81,4,SSVM,141.829,642,842,93.7697,89
kroD100rdmRad,9,81,9,BASELINE,141.829,648,848,96.8363,0
kroD100rdmRad,9,81,1,RSF,141.829,598,798,112.519,73
bubbles5,10,91,1,RSF,1062.25,144,424,103.177,83
bubbles5,10,91,3,DEEPSURV,1062.12,382,582,107.0,220
bubbles5,10,91,2,GBSA,1047.62,728,928,114.481,485
bubbles5,10,91,5,WEIBULLAFT,1049.53,805,1001,121.215,544
bubbles5,10,91,7,ELASTICNET,1043.62,416,616,128.713,75
bubbles5,10,91,8,MTLR,1060.52,631,831,132.303,342
bubbles5,10,91,6,KNN,1044.72,893,1001,169.833,194
bubbles5,10,91,4,SSVM,1045.74,935,1001,176.622,153
bubbles5,10,91,0,COX,1041.86,778,978,177.32,96
bubbles5,10,91,9,BASELINE,1040.02,811,1001,194.724,0
bubbles5,1,1,0,COX,1079.38,156,436,74.7411,143
bubbles5,1,1,4,SSVM,1069.03,236,449,76.6041,157
bubbles5,1,1,8,MTLR,1053.79,178,449,95.3612,107
bubbles5,1,1,2,GBSA,1066.66,453,653,99.5915,250
bubbles5,1,1,7,ELASTICNET,1046.9,479,679,125.116,101
bubbles5,1,1,5,WEIBULLAFT,1038.8,670,870,150.879,142
bubbles5,1,1,6,KNN,1048.04,680,880,154.092,117
bubbles5,1,1,9,BASELINE,1040.7,954,1001,182.579,0
bubbles5,1,1,1,RSF,1042.16,946,1001,182.984,235
bubbles5,1,1,3,DEEPSURV,1040.52,928,1001,185.214,48
bubbles5,2,11,6,KNN,1060.76,182,449,78.0284,152
bubbles5,2,11,7,ELASTICNET,1061.79,370,570,103.493,140
bubbles5,2,11,3,DEEPSURV,1061.17,268,468,105.981,81
bubbles5,2,11,4,SSVM,1058.57,382,582,107.788,139
bubbles5,2,11,5,WEIBULLAFT,1056.71,512,712,110.379,278
bubbles5,2,11,0,COX,1049.75,610,810,142.178,121
bubbles5,2,11,2,GBSA,1046.58,918,1001,144.589,330
bubbles5,2,11,9,BASELINE,1044.68,546,746,147.992,0
bubbles5,2,11,1,RSF,1044.83,936,1001,181.971,242
bubbles5,2,11,8,MTLR,1040.88,843,1001,191.428,23
bubbles5,3,21,0,COX,1059.22,103,399,64.8393,146
bubbles5,3,21,4,SSVM,1059.73,295,495,77.6924,195
bubbles5,3,21,2,GBSA,1067.37,343,543,90.6386,184
bubbles5,3,21,5,WEIBULLAFT,1044.46,882,1001,156.998,277
bubbles5,3,21,7,ELASTICNET,1045.68,671,871,169.135,40
bubbles5,3,21,9,BASELINE,1040.41,709,909,174.46,0
bubbles5,3,21,3,DEEPSURV,1046.11,917,1001,179.504,159
bubbles5,3,21,8,MTLR,1043.0,726,926,187.815,26
bubbles5,3,21,6,KNN,1041.02,991,1001,190.531,37
bubbles5,3,21,1,RSF,1044.14,743,943,201.662,102
bubbles5,4,31,0,COX,1063.53,244,449,76.6327,151
bubbles5,4,31,4,SSVM,1065.33,235,449,80.365,143
bubbles5,4,31,6,KNN,1058.67,382,582,91.1405,225
bubbles5,4,31,7,ELASTICNET,1056.89,393,593,100.773,178
bubbles5,4,31,8,MTLR,1052.72,383,583,111.089,166
bubbles5,4,31,2,GBSA,1056.0,522,722,114.127,238
bubbles5,4,31,3,DEEPSURV,1061.09,398,598,115.414,159
bubbles5,4,31,1,RSF,1054.5,278,478,115.407,41
bubbles5,4,31,5,WEIBULLAFT,1057.93,562,762,116.368,282
bubbles5,4,31,9,BASELINE,1041.51,943,1001,181.769,0
bubbles5,5,41,7,ELASTICNET,1074.04,79,399,60.3745,172
bubbles5,5,41,4,SSVM,1055.46,207,449,73.1692,158
bubbles5,5,41,6,KNN,1051.65,422,622,93.7184,221
bubbles5,5,41,5,WEIBULLAFT,1040.07,492,692,139.244,22
bubbles5,5,41,0,COX,1040.85,892,1001,175.959,51
bubbles5,5,41,9,BASELINE,1039.06,782,982,180.666,0
bubbles5,5,41,3,DEEPSURV,1040.93,946,1001,187.348,67
bubbles5,5,41,8,MTLR,1039.97,863,1001,188.55,67
bubbles5,5,41,1,RSF,1043.3,913,1001,211.313,52
bubbles5,5,41,2,GBSA,1056.53,301,499,90.8373,118
bubbles5,6,51,6,KNN,1063.74,233,433,78.0477,136
bubbles5,6,51,4,SSVM,1074.1,283,483,82.2411,162
bubbles5,6,51,7,ELASTICNET,1056.33,358,558,92.7939,183
bubbles5,6,51,2,GBSA,1052.54,465,665,102.064,245
bubbles5,6,51,8,MTLR,1047.28,841,1001,145.922,377
bubbles5,6,51,1,RSF,1045.03,707,907,160.315,314
bubbles5,6,51,5,WEIBULLAFT,1041.99,875,1001,178.373,132
bubbles5,6,51,0,COX,1040.29,981,1001,182.547,49
bubbles5,6,51,3,DEEPSURV,1040.85,956,1001,188.121,93
bubbles5,6,51,9,BASELINE,1041.96,796,996,188.577,0
bubbles5,7,61,4,SSVM,1063.76,223,449,86.272,135
bubbles5,7,61,9,BASELINE,1065.8,155,355,87.6258,0
bubbles5,7,61,0,COX,1062.82,238,449,95.6928,73
bubbles5,7,61,5,WEIBULLAFT,1059.16,321,521,96.9504,165
bubbles5,7,61,7,ELASTICNET,1050.23,445,645,130.123,80
bubbles5,7,61,6,KNN,1046.38,569,769,145.563,108
bubbles5,7,61,8,MTLR,1046.85,530,730,152.601,73
bubbles5,7,61,2,GBSA,1042.2,861,1001,174.164,151
bubbles5,7,61,3,DEEPSURV,1037.59,951,1001,188.907,84
bubbles5,7,61,1,RSF,1041.61,776,976,206.258,86
bubbles5,8,71,6,KNN,1062.52,263,463,76.978,164
bubbles5,8,71,4,SSVM,1062.73,250,450,86.7816,103
bubbles5,8,71,2,GBSA,1052.64,310,510,92.4056,137
bubbles5,8,71,5,WEIBULLAFT,1058.1,552,752,102.987,340
bubbles5,8,71,1,RSF,1055.11,424,624,116.255,216
bubbles5,8,71,8,MTLR,1051.34,478,678,127.548,149
bubbles5,8,71,7,ELASTICNET,1055.13,605,805,143.344,116
bubbles5,8,71,0,COX,1042.04,981,1001,159.483,176
bubbles5,8,71,9,BASELINE,1043.61,939,1001,184.271,0
bubbles5,8,71,3,DEEPSURV,1039.09,911,1001,192.06,23
bubbles5,9,81,0,COX,1071.8,177,449,77.3716,149
bubbles5,9,81,6,KNN,1063.71,195,449,82.3287,143
bubbles5,9,81,8,MTLR,1055.42,349,549,102.095,199
bubbles5,9,81,4,SSVM,1063.83,625,825,111.441,376
bubbles5,9,81,1,RSF,1051.97,336,536,127.613,79
bubbles5,9,81,5,WEIBULLAFT,1053.44,426,626,130.541,75
bubbles5,9,81,2,GBSA,1043.16,723,923,154.551,198
bubbles5,9,81,9,BASELINE,1038.65,911,1001,186.89,0
bubbles5,9,81,7,ELASTICNET,1043.51,856,1001,186.959,48
bubbles5,9,81,3,DEEPSURV,1042.71,805,1001,200.78,6
team6_500rdmRad,10,91,7,ELASTICNET,621.195,85,399,55.07,131
team6_500rdmRad,10,91,4,SSVM,620.938,598,798,88.6494,330
team6_500rdmRad,10,91,5,WEIBULLAFT,621.86,451,651,90.9716,190
team6_500rdmRad,10,91,6,KNN,620.915,903,1001,114.044,349
team6_500rdmRad,10,91,3,DEEPSURV,620.939,523,723,125.087,49
team6_500rdmRad,10,91,1,RSF,621.263,472,672,132.179,38
team6_500rdmRad,10,91,8,MTLR,620.923,555,755,132.807,27
team6_500rdmRad,10,91,0,COX,621.271,983,1001,134.717,155
team6_500rdmRad,10,91,9,BASELINE,621.502,748,948,145.387,0
team6_500rdmRad,10,91,2,GBSA,620.89,756,956,146.55,44
team6_500rdmRad,1,1,0,COX,622.19,285,485,49.2543,245
team6_500rdmRad,1,1,7,ELASTICNET,620.936,192,449,60.7547,143
team6_500rdmRad,1,1,6,KNN,620.951,301,501,67.3793,152
team6_500rdmRad,1,1,5,WEIBULLAFT,620.93,475,675,70.3689,344
team6_500rdmRad,1,1,2,GBSA,621.02,470,670,85.691,200
team6_500rdmRad,1,1,4,SSVM,621.115,639,839,91.0926,331
team6_500rdmRad,1,1,8,MTLR,620.974,865,1001,101.182,482
team6_500rdmRad,1,1,9,BASELINE,620.921,561,761,112.745,0
team6_500rdmRad,1,1,1,RSF,620.916,699,899,119.777,358
team6_500rdmRad,1,1,3,DEEPSURV,620.918,572,772,122.456,36
team6_500rdmRad,2,11,4,SSVM,620.926,213,449,64.0256,127
team6_500rdmRad,2,11,6,KNN,621.806,479,679,69.2956,345
team6_500rdmRad,2,11,2,GBSA,621.254,339,539,72.7929,173
team6_500rdmRad,2,11,5,WEIBULLAFT,620.932,308,508,75.6753,129
team6_500rdmRad,2,11,0,COX,620.966,792,992,90.6846,462
team6_500rdmRad,2,11,7,ELASTICNET,620.915,588,788,109.17,120
team6_500rdmRad,2,11,9,BASELINE,620.91,517,717,110.996,0
team6_500rdmRad,2,11,3,DEEPSURV,620.926,533,733,120.901,36
team6_500rdmRad,2,11,8,MTLR,620.919,638,838,132.352,26
team6_500rdmRad,2,11,1,RSF,620.921,990,1001,141.131,306
team6_500rdmRad,3,21,5,WEIBULLAFT,621.443,362,562,61.5045,286
team6_500rdmRad,3,21,7,ELASTICNET,621.594,323,523,66.8973,189
team6_500rdmRad,3,21,6,KNN,621.346,198,449,72.4551,73
team6_500rdmRad,3,21,2,GBSA,621.546,373,573,80.5813,156
team6_500rdmRad,3,21,1,RSF,621.846,190,449,83.7488,75
team6_500rdmRad,3,21,4,SSVM,620.93,760,960,88.0594,476
team6_500rdmRad,3,21,9,BASELINE,620.931,446,646,99.1182,0
team6_500rdmRad,3,21,0,COX,620.927,530,730,100.403,103
team6_500rdmRad,3,21,3,DEEPSURV,620.934,892,1001,117.83,300
team6_500rdmRad,3,21,8,MTLR,620.923,736,936,138.623,31
team6_500rdmRad,4,31,0,COX,621.537,262,462,59.1781,150
team6_500rdmRad,4,31,4,SSVM,621.499,311,511,65.119,183
team6_500rdmRad,4,31,6,KNN,620.926,272,472,65.339,139
team6_500rdmRad,4,31,5,WEIBULLAFT,621.268,176,449,66.406,127
team6_500rdmRad,4,31,2,GBSA,620.957,333,533,80.4325,91
team6_500rdmRad,4,31,1,RSF,621.864,307,507,80.8312,175
team6_500rdmRad,4,31,7,ELASTICNET,621.287,634,834,83.1419,368
team6_500rdmRad,4,31,8,MTLR,621.264,458,658,105.712,41
team6_500rdmRad,4,31,9,BASELINE,620.921,542,742,107.85,0
team6_500rdmRad,4,31,3,DEEPSURV,620.91,864,1001,137.865,73
team6_500rdmRad,5,41,8,MTLR,621.266,118,399,67.3011,130
team6_500rdmRad,5,41,6,KNN,621.177,251,451,70.439,92
team6_500rdmRad,5,41,4,SSVM,621.666,228,449,71.6949,83
team6_500rdmRad,5,41,2,GBSA,621.74,351,551,78.4369,144
team6_500rdmRad,5,41,7,ELASTICNET,621.9,685,885,80.4395,455
team6_500rdmRad,5,41,5,WEIBULLAFT,620.974,740,940,104.751,346
team6_500rdmRad,5,41,0,COX,621.266,673,873,116.122,107
team6_500rdmRad,5,41,3,DEEPSURV,621.461,587,787,124.121,62
team6_500rdmRad,5,41,9,BASELINE,620.91,672,872,126.528,0
team6_500rdmRad,5,41,1,RSF,620.922,971,1001,136.042,364
team6_500rdmRad,6,51,0,COX,621.17,428,628,73.0158,240
team6_500rdmRad,6,51,6,KNN,620.935,523,723,81.5462,299
team6_500rdmRad,6,51,4,SSVM,621.29,327,527,83.156,91
team6_500rdmRad,6,51,7,ELASTICNET,621.514,455,655,85.8872,206
team6_500rdmRad,6,51,5,WEIBULLAFT,621.136,432,632,87.2285,191
team6_500rdmRad,6,51,9,BASELINE,621.02,400,600,98.9745,0
team6_500rdmRad,6,51,8,MTLR,620.931,348,548,99.0912,50
team6_500rdmRad,6,51,2,GBSA,621.272,536,736,109.749,83
team6_500rdmRad,6,51,1,RSF,620.915,509,709,115.599,160
team6_500rdmRad,6,51,3,DEEPSURV,620.925,651,851,135.186,0
team6_500rdmRad,7,61,7,ELASTICNET,621.384,223,423,58.5397,130
team6_500rdmRad,7,61,4,SSVM,620.938,263,463,59.241,170
team6_500rdmRad,7,61,0,COX,621.325,221,449,66.8606,88
team6_500rdmRad,7,61,5,WEIBULLAFT,621.132,343,543,67.5981,217
team6_500rdmRad,7,61,9,BASELINE,620.946,273,473,79.0214,0
team6_500rdmRad,7,61,6,KNN,621.269,758,958,107.006,302
team6_500rdmRad,7,61,8,MTLR,620.921,586,786,108.004,179
team6_500rdmRad,7,61,2,GBSA,620.921,483,683,108.307,10
team6_500rdmRad,7,61,3,DEEPSURV,620.921,557,757,123.818,7
team6_500rdmRad,7,61,1,RSF,620.91,779,979,155.651,97
team6_500rdmRad,8,71,0,COX,621.831,147,427,45.0543,195
team6_500rdmRad,8,71,4,SSVM,621.075,177,449,58.1832,157
team6_500rdmRad,8,71,7,ELASTICNET,620.91,328,528,66.0593,181
team6_500rdmRad,8,71,5,WEIBULLAFT,621.174,191,449,68.8985,97
team6_500rdmRad,8,71,8,MTLR,621.169,401,601,73.6403,269
team6_500rdmRad,8,71,6,KNN,620.917,649,849,92.6566,284
team6_500rdmRad,8,71,3,DEEPSURV,621.443,544,744,93.7582,252
team6_500rdmRad,8,71,2,GBSA,620.904,786,986,135.085,27
team6_500rdmRad,8,71,9,BASELINE,621.492,943,1001,135.771,0
team6_500rdmRad,8,71,1,RSF,620.915,660,860,143.618,25
team6_500rdmRad,9,81,4,SSVM,621.12,320,520,61.6765,215
team6_500rdmRad,9,81,2,GBSA,620.934,368,568,82.2521,130
team6_500rdmRad,9,81,5,WEIBULLAFT,621.293,376,576,85.7296,136
team6_500rdmRad,9,81,6,KNN,620.931,773,973,90.8748,479
team6_500rdmRad,9,81,1,RSF,620.921,247,449,93.043,5
team6_500rdmRad,9,81,0,COX,620.927,495,695,104.085,57
team6_500rdmRad,9,81,8,MTLR,620.967,546,746,111.202,143
team6_500rdmRad,9,81,7,ELASTICNET,620.927,604,804,114.125,101
team6_500rdmRad,9,81,3,DEEPSURV,620.931,588,788,117.111,136
team6_500rdmRad,9,81,9,BASELINE,620.931,631,831,123.122,0
car_door_25,10,91,9,BASELINE,5339.76,66,266,36.8952,0
car_door_25,10,91,0,COX,5339.76,76,399,39.377,145
car_door_25,10,91,5,WEIBULLAFT,5339.76,5,399,42.2364,169
car_door_25,10,91,4,SSVM,5339.76,45,399,44.5691,119
car_door_25,10,91,7,ELASTICNET,5339.76,13,399,45.4044,114
car_door_25,10,91,2,GBSA,5339.76,107,399,46.0297,117
car_door_25,10,91,6,KNN,5339.76,100,399,47.8915,93
car_door_25,10,91,8,MTLR,5339.76,2,399,54.7296,103
car_door_25,10,91,3,DEEPSURV,5339.76,4,399,59.6355,39
car_door_25,10,91,1,RSF,5339.76,87,399,62.4059,7
car_door_25,1,1,9,BASELINE,5339.76,49,249,33.449,0
car_door_25,1,1,6,KNN,5339.76,72,399,45.9912,106
car_door_25,1,1,0,COX,5339.76,90,399,47.8138,63
car_door_25,1,1,4,SSVM,5339.76,147,427,48.2172,107
car_door_25,1,1,2,GBSA,5339.76,54,399,49.0067,87
car_door_25,1,1,5,WEIBULLAFT,5339.76,46,399,49.3898,94
car_door_25,1,1,7,ELASTICNET,5339.76,73,399,50.3322,60
car_door_25,1,1,1,RSF,5339.76,49,399,55.8797,98
car_door_25,1,1,3,DEEPSURV,5339.76,131,411,55.9053,99
car_door_25,1,1,8,MTLR,5339.76,78,399,55.9268,85
car_door_25,2,11,0,COX,5339.76,37,399,36.0393,167
car_door_25,2,11,7,ELASTICNET,5339.76,92,399,42.3239,139
car_door_25,2,11,6,KNN,5339.76,73,399,47.1541,99
car_door_25,2,11,4,SSVM,5339.76,24,399,47.7659,93
car_door_25,2,11,9,BASELINE,5339.76,172,372,48.8476,0
car_door_25,2,11,5,WEIBULLAFT,5339.76,40,399,51.4293,81
car_door_25,2,11,2,GBSA,5339.76,156,436,56.7524,46
car_door_25,2,11,1,RSF,5339.76,97,399,56.9859,103
car_door_25,2,11,3,DEEPSURV,5339.76,18,399,60.6202,41
car_door_25,2,11,8,MTLR,5339.76,51,399,61.9755,26
car_door_25,3,21,6,KNN,5339.76,125,405,40.4334,157
car_door_25,3,21,0,COX,5339.76,110,399,41.8167,121
car_door_25,3,21,4,SSVM,5339.76,39,399,45.9822,109
car_door_25,3,21,9,BASELINE,5339.76,157,357,47.4121,0
car_door_25,3,21,7,ELASTICNET,5339.76,104,399,47.736,95
car_door_25,3,21,5,WEIBULLAFT,5339.76,137,417,53.5347,69
car_door_25,3,21,2,GBSA,5339.76,192,449,55.555,73
car_door_25,3,21,3,DEEPSURV,5339.76,103,399,55.8892,98
car_door_25,3,21,8,MTLR,5339.76,244,449,63.4864,51
car_door_25,3,21,1,RSF,5339.76,26,399,64.0275,6
car_door_25,4,31,4,SSVM,5339.76,128,408,41.7369,156
car_door_25,4,31,9,BASELINE,5339.76,122,322,43.9817,0
car_door_25,4,31,6,KNN,5339.76,65,399,46.1206,112
car_door_25,4,31,5,WEIBULLAFT,5339.76,27,399,48.8136,114
car_door_25,4,31,7,ELASTICNET,5339.76,2,399,49.5109,79
car_door_25,4,31,0,COX,5339.76,134,414,53.3165,31
car_door_25,4,31,1,RSF,5339.76,117,399,54.0687,137
car_door_25,4,31,2,GBSA,5339.76,98,399,56.0804,15
car_door_25,4,31,8,MTLR,5339.76,43,399,58.2518,84
car_door_25,4,31,3,DEEPSURV,5339.76,16,399,64.2088,2
car_door_25,5,41,9,BASELINE,5339.76,44,244,34.3191,0
car_door_25,5,41,6,KNN,5339.76,253,453,43.2966,194
car_door_25,5,41,4,SSVM,5339.76,66,399,46.6289,108
car_door_25,5,41,2,GBSA,5339.76,124,404,48.8686,104
car_door_25,5,41,0,COX,5339.76,112,399,48.9978,61
car_door_25,5,41,7,ELASTICNET,5339.76,48,399,53.142,38
car_door_25,5,41,5,WEIBULLAFT,5339.76,39,399,53.596,67
car_door_25,5,41,8,MTLR,5339.76,76,399,55.4352,116
car_door_25,5,41,3,DEEPSURV,5339.76,61,399,62.5705,24
car_door_25,5,41,1,RSF,5339.76,144,424,63.3857,42
car_door_25,6,51,0,COX,5341.88,75,399,34.6035,181
car_door_25,6,51,4,SSVM,5339.76,83,399,43.2016,136
car_door_25,6,51,9,BASELINE,5339.76,149,349,46.7746,0
car_door_25,6,51,5,WEIBULLAFT,5339.76,8,399,54.3275,56
car_door_25,6,51,6,KNN,5339.76,65,399,54.8523,23
car_door_25,6,51,8,MTLR,5339.76,85,399,57.0157,94
car_door_25,6,51,7,ELASTICNET,5339.76,228,449,57.4695,47
car_door_25,6,51,3,DEEPSURV,5339.76,13,399,57.5266,91
car_door_25,6,51,2,GBSA,5339.76,62,399,58.4259,0
car_door_25,6,51,1,RSF,5339.76,4,399,59.1425,92
car_door_25,7,61,9,BASELINE,5339.76,39,239,32.7968,0
car_door_25,7,61,6,KNN,5339.76,57,399,43.8029,126
car_door_25,7,61,7,ELASTICNET,5339.76,144,424,44.4239,145
car_door_25,7,61,4,SSVM,5339.76,26,399,50.243,73
car_door_25,7,61,2,GBSA,5339.76,58,399,51.7085,70
car_door_25,7,61,0,COX,5339.76,90,399,51.882,29
car_door_25,7,61,5,WEIBULLAFT,5339.76,177,449,54.4603,98
car_door_25,7,61,3,DEEPSURV,5341.88,37,399,54.7629,116
car_door_25,7,61,8,MTLR,5339.76,101,399,56.6691,94
car_door_25,7,61,1,RSF,5339.76,71,399,62.9368,16
car_door_25,8,71,0,COX,5340.15,55,399,32.5383,195
car_door_25,8,71,4,SSVM,5339.76,86,399,39.6359,164
car_door_25,8,71,7,ELASTICNET,5339.76,106,399,42.4816,134
car_door_25,8,71,9,BASELINE,5339.76,130,330,43.8543,0
car_door_25,8,71,6,KNN,5339.76,10,399,45.2829,106
car_door_25,8,71,5,WEIBULLAFT,5339.76,23,399,50.2208,89
car_door_25,8,71,2,GBSA,5339.76,65,399,54.0512,25
car_door_25,8,71,1,RSF,5339.76,178,449,56.6547,137
car_door_25,8,71,3,DEEPSURV,5339.76,64,399,61.301,18
car_door_25,8,71,8,MTLR,5339.76,119,399,62.4305,9
car_door_25,9,81,9,BASELINE,5339.76,71,271,37.0726,0
car_door_25,9,81,6,KNN,5339.76,38,399,39.562,166
car_door_25,9,81,7,ELASTICNET,5339.76,12,399,44.1353,128
car_door_25,9,81,4,SSVM,5339.76,136,416,44.5095,141
car_door_25,9,81,5,WEIBULLAFT,5339.76,39,399,44.7474,149
car_door_25,9,81,2,GBSA,5339.76,79,399,54.8602,30
car_door_25,9,81,0,COX,5339.76,158,438,56.7543,14
car_door_25,9,81,8,MTLR,5339.76,52,399,59.3967,58
car_door_25,9,81,1,RSF,5339.76,39,399,61.9876,36
car_door_25,9,81,3,DEEPSURV,5339.76,9,399,63.1508,10
car_door_35,10,91,9,BASELINE,5092.94,5,205,31.4411,0
car_door_35,10,91,6,KNN,5092.94,109,399,44.42,140
car_door_35,10,91,0,COX,5088.54,179,449,47.2818,144
car_door_35,10,91,2,GBSA,5092.94,70,399,47.5729,126
car_door_35,10,91,1,RSF,5092.94,23,399,54.3353,159
car_door_35,10,91,3,DEEPSURV,5092.93,33,399,56.0983,129
car_door_35,10,91,5,WEIBULLAFT,5092.94,192,449,56.7757,106
car_door_35,10,91,8,MTLR,5092.94,32,399,58.2789,106
car_door_35,10,91,4,SSVM,5073.63,291,491,62.2888,59
car_door_35,10,91,7,ELASTICNET,5073.63,463,663,66.231,184
car_door_35,1,1,9,BASELINE,5092.94,26,226,31.5918,0
car_door_35,1,1,6,KNN,5092.93,73,399,44.0045,125
car_door_35,1,1,4,SSVM,5092.94,104,399,48.7416,90
car_door_35,1,1,7,ELASTICNET,5092.94,23,399,53.5128,37
car_door_35,1,1,0,COX,5092.94,90,399,53.9953,13
car_door_35,1,1,8,MTLR,5092.94,59,399,58.4923,83
car_door_35,1,1,2,GBSA,5092.94,168,448,58.9252,47
car_door_35,1,1,1,RSF,5073.63,54,399,60.2988,83
car_door_35,1,1,3,DEEPSURV,5073.63,218,449,60.4492,113
car_door_35,1,1,5,WEIBULLAFT,5073.63,373,573,64.6658,134
car_door_35,2,11,9,BASELINE,5092.94,124,324,44.4663,0
car_door_35,2,11,0,COX,5092.94,44,399,46.7457,90
car_door_35,2,11,6,KNN,5092.94,44,399,47.0259,110
car_door_35,2,11,4,SSVM,5092.94,137,417,47.6362,120
car_door_35,2,11,5,WEIBULLAFT,5092.94,84,399,50.6842,102
car_door_35,2,11,7,ELASTICNET,5092.94,108,399,51.0148,71
car_door_35,2,11,2,GBSA,5092.94,180,449,53.5992,110
car_door_35,2,11,1,RSF,5092.94,48,399,60.3715,73
car_door_35,2,11,3,DEEPSURV,5092.94,82,399,60.4785,61
car_door_35,2,11,8,MTLR,5073.63,376,576,67.3945,158
car_door_35,3,21,9,BASELINE,5092.94,39,239,34.4213,0
car_door_35,3,21,7,ELASTICNET,5092.94,12,399,51.5609,81
car_door_35,3,21,5,WEIBULLAFT,5092.94,259,459,56.9905,120
car_door_35,3,21,6,KNN,5092.94,222,422,61.7709,4
car_door_35,3,21,0,COX,5073.63,407,607,63.7475,159
car_door_35,3,21,1,RSF,5092.94,60,399,66.5888,44
car_door_35,3,21,3,DEEPSURV,5092.94,63,399,67.4462,23
car_door_35,3,21,4,SSVM,5096.24,326,526,68.439,39
car_door_35,3,21,8,MTLR,5092.94,402,602,81.718,44
car_door_35,3,21,2,GBSA,5092.94,106,398,51.3577,95
car_door_35,4,31,0,COX,5092.94,121,401,40.7918,138
car_door_35,4,31,9,BASELINE,5092.94,115,315,42.8105,0
car_door_35,4,31,7,ELASTICNET,5092.94,115,399,44.4968,120
car_door_35,4,31,4,SSVM,5092.94,121,401,53.9628,41
car_door_35,4,31,5,WEIBULLAFT,5092.94,81,399,54.4871,59
car_door_35,4,31,2,GBSA,5090.26,135,415,56.0086,54
car_door_35,4,31,6,KNN,5073.63,307,507,56.1898,138
car_door_35,4,31,8,MTLR,5092.94,82,399,56.6622,115
car_door_35,4,31,1,RSF,5092.94,46,399,60.4721,69
car_door_35,4,31,3,DEEPSURV,5092.94,13,399,62.8368,33
car_door_35,5,41,9,BASELINE,5092.94,60,260,36.0286,0
car_door_35,5,41,5,WEIBULLAFT,5092.94,29,399,47.4363,125
car_door_35,5,41,4,SSVM,5092.94,184,449,48.9232,139
car_door_35,5,41,6,KNN,5074.45,82,399,49.7287,86
car_door_35,5,41,0,COX,5092.94,119,399,54.8982,8
car_door_35,5,41,2,GBSA,5090.26,81,399,58.1845,10
car_door_35,5,41,1,RSF,5083.28,174,449,62.6139,107
car_door_35,5,41,8,MTLR,5073.63,300,500,73.5317,30
car_door_35,5,41,3,DEEPSURV,5073.63,564,764,79.3306,222
car_door_35,5,41,7,ELASTICNET,5092.94,548,748,84.8607,21
car_door_35,6,51,0,COX,5092.94,69,399,34.1741,184
car_door_35,6,51,9,BASELINE,5092.94,76,276,38.1038,0
car_door_35,6,51,4,SSVM,5092.94,32,399,44.9097,111
car_door_35,6,51,6,KNN,5092.94,12,399,48.2178,84
car_door_35,6,51,7,ELASTICNET,5073.63,299,499,49.8619,169
car_door_35,6,51,2,GBSA,5092.93,128,408,53.0739,54
car_door_35,6,51,8,MTLR,5092.94,19,399,61.055,38
car_door_35,6,51,3,DEEPSURV,5092.94,194,449,61.3281,93
car_door_35,6,51,5,WEIBULLAFT,5092.94,665,865,63.4142,438
car_door_35,6,51,1,RSF,5092.94,77,399,65.3379,2
car_door_35,7,61,0,COX,5092.94,10,399,35.1054,178
car_door_35,7,61,9,BASELINE,5092.94,70,270,37.4814,0
car_door_35,7,61,6,KNN,5092.94,3,399,46.4311,105
car_door_35,7,61,7,ELASTICNET,5092.94,149,429,49.124,113
car_door_35,7,61,8,MTLR,5092.94,60,399,55.4148,113
car_door_35,7,61,5,WEIBULLAFT,5092.94,143,423,57.3879,47
car_door_35,7,61,4,SSVM,5092.94,192,449,57.5875,51
car_door_35,7,61,3,DEEPSURV,5078.39,114,399,58.6271,80
car_door_35,7,61,1,RSF,5092.94,39,399,59.3199,81
car_door_35,7,61,2,GBSA,5074.65,374,574,59.3786,175
car_door_35,8,71,9,BASELINE,5092.93,38,238,34.1273,0
car_door_35,8,71,0,COX,5092.94,17,399,38.8884,153
car_door_35,8,71,4,SSVM,5092.94,26,399,48.8252,86
car_door_35,8,71,7,ELASTICNET,5092.94,77,399,54.7574,26
car_door_35,8,71,5,WEIBULLAFT,5073.63,287,487,58.0494,123
car_door_35,8,71,3,DEEPSURV,5092.94,220,420,59.6834,100
car_door_35,8,71,1,RSF,5092.93,109,399,59.9159,84
car_door_35,8,71,8,MTLR,5092.94,59,399,63.6017,30
car_door_35,8,71,6,KNN,5073.63,622,822,66.2686,345
car_door_35,8,71,2,GBSA,5092.94,390,590,73.4412,21
car_door_35,9,81,4,SSVM,5092.94,44,399,44.5889,123
car_door_35,9,81,5,WEIBULLAFT,5092.94,16,399,52.9253,81
car_door_35,9,81,7,ELASTICNET,5092.94,90,399,54.0484,45
car_door_35,9,81,0,COX,5092.94,32,399,56.8176,0
car_door_35,9,81,3,DEEPSURV,5092.93,105,399,58.883,109
car_door_35,9,81,1,RSF,5092.94,129,409,64.919,59
car_door_35,9,81,6,KNN,5073.63,554,754,66.1504,300
car_door_35,9,81,9,BASELINE,5092.94,329,529,66.8192,0
car_door_35,9,81,8,MTLR,5073.63,429,629,87.6455,11
car_door_35,9,81,2,GBSA,5073.63,569,769,91.9548,6
car_door_45,10,91,7,ELASTICNET,4894.96,222,422,47.5024,111
car_door_45,10,91,0,COX,4869.81,324,524,50.203,172
car_door_45,10,91,2,GBSA,4894.96,233,449,52.1165,118
car_door_45,10,91,4,SSVM,4869.81,240,449,54.891,82
car_door_45,10,91,3,DEEPSURV,4895.94,40,399,57.6089,103
car_door_45,10,91,6,KNN,4869.81,272,472,59.704,54
car_door_45,10,91,1,RSF,4895.94,93,399,61.5527,62
car_door_45,10,91,8,MTLR,4895.94,169,449,68.4763,24
car_door_45,10,91,5,WEIBULLAFT,4869.81,627,827,68.7945,361
car_door_45,10,91,9,BASELINE,4869.96,428,628,72.2725,0
car_door_45,1,1,5,WEIBULLAFT,4893.19,219,419,48.3533,146
car_door_45,1,1,7,ELASTICNET,4895.67,129,409,52.4913,70
car_door_45,1,1,6,KNN,4886.11,176,449,52.9926,108
car_door_45,1,1,4,SSVM,4893.09,143,423,55.7619,61
car_door_45,1,1,2,GBSA,4895.94,108,399,56.4946,37
car_door_45,1,1,0,COX,4874.93,381,581,65.447,96
car_door_45,1,1,8,MTLR,4895.94,235,449,69.8598,37
car_door_45,1,1,3,DEEPSURV,4869.81,616,816,88.299,198
car_door_45,1,1,9,BASELINE,4869.81,575,775,88.5564,0
car_door_45,1,1,1,RSF,4869.81,459,659,95.3324,56
car_door_45,2,11,4,SSVM,4895.94,114,399,43.777,129
car_door_45,2,11,0,COX,4895.94,56,399,48.8845,64
car_door_45,2,11,5,WEIBULLAFT,4869.81,222,422,49.6698,136
car_door_45,2,11,7,ELASTICNET,4869.81,245,449,51.839,115
car_door_45,2,11,9,BASELINE,4886.6,219,419,54.6977,0
car_door_45,2,11,6,KNN,4892.19,181,449,57.9315,61
car_door_45,2,11,8,MTLR,4880.56,239,449,59.1582,139
car_door_45,2,11,3,DEEPSURV,4895.94,218,449,66.3394,52
car_door_45,2,11,1,RSF,4869.81,275,475,66.3482,107
car_door_45,2,11,2,GBSA,4869.81,362,562,71.318,23
car_door_45,3,21,5,WEIBULLAFT,4869.81,120,400,48.1177,132
car_door_45,3,21,2,GBSA,4895.94,54,399,51.0491,92
car_door_45,3,21,9,BASELINE,4869.81,173,373,51.5354,0
car_door_45,3,21,4,SSVM,4894.95,177,449,52.4429,122
car_door_45,3,21,6,KNN,4869.81,176,449,56.118,80
car_door_45,3,21,7,ELASTICNET,4870.02,148,428,61.0642,15
car_door_45,3,21,8,MTLR,4893.09,230,449,66.5504,67
car_door_45,3,21,1,RSF,4895.94,222,449,71.545,12
car_door_45,3,21,0,COX,4869.81,484,684,73.2588,95
car_door_45,3,21,3,DEEPSURV,4869.81,493,693,81.4918,129
car_door_45,4,31,9,BASELINE,4895.94,95,295,40.0627,0
car_door_45,4,31,6,KNN,4895.94,62,399,42.3317,139
car_door_45,4,31,2,GBSA,4895.94,60,399,51.4598,73
car_door_45,4,31,7,ELASTICNET,4869.96,211,449,52.7936,108
car_door_45,4,31,5,WEIBULLAFT,4895.94,147,427,53.5278,99
car_door_45,4,31,0,COX,4869.81,181,449,54.2106,66
car_door_45,4,31,4,SSVM,4895.94,64,399,55.5079,19
car_door_45,4,31,1,RSF,4895.94,179,449,62.5422,108
car_door_45,4,31,3,DEEPSURV,4895.94,192,449,66.9394,30
car_door_45,4,31,8,MTLR,4893.39,179,449,68.5998,16
car_door_45,5,41,9,BASELINE,4895.94,133,333,44.8318,0
car_door_45,5,41,4,SSVM,4869.96,183,449,51.2146,130
car_door_45,5,41,2,GBSA,4886.97,23,399,53.4939,75
car_door_45,5,41,5,WEIBULLAFT,4894.98,288,488,54.6952,172
car_door_45,5,41,1,RSF,4869.81,111,399,60.6828,101
car_door_45,5,41,0,COX,4869.81,475,675,61.3981,238
car_door_45,5,41,3,DEEPSURV,4869.81,184,449,66.0803,81
car_door_45,5,41,8,MTLR,4894.95,180,449,72.3123,10
car_door_45,5,41,6,KNN,4869.96,382,582,72.9571,34
car_door_45,5,41,7,ELASTICNET,4869.81,663,863,77.4918,263
car_door_45,6,51,2,GBSA,4895.94,107,399,50.4792,101
car_door_45,6,51,6,KNN,4895.94,273,473,51.418,155
car_door_45,6,51,9,BASELINE,4869.81,270,470,62.8453,0
car_door_45,6,51,5,WEIBULLAFT,4869.81,272,472,63.4001,82
car_door_45,6,51,4,SSVM,4869.81,473,673,64.646,242
car_door_45,6,51,0,COX,4892.19,404,604,65.8789,129
car_door_45,6,51,3,DEEPSURV,4873.38,239,449,66.4644,97
car_door_45,6,51,7,ELASTICNET,4869.81,343,543,66.7232,80
car_door_45,6,51,1,RSF,4895.94,44,399,67.9677,34
car_door_45,6,51,8,MTLR,4869.81,548,748,90.2962,101
car_door_45,7,61,9,BASELINE,4869.81,123,323,45.1275,0
car_door_45,7,61,6,KNN,4895.94,84,399,45.3521,125
car_door_45,7,61,4,SSVM,4895.94,64,399,50.4947,83
car_door_45,7,61,0,COX,4895.94,362,562,53.8024,181
car_door_45,7,61,5,WEIBULLAFT,4870.73,272,472,54.7104,152
car_door_45,7,61,2,GBSA,4895.94,175,449,59.9105,43
car_door_45,7,61,3,DEEPSURV,4869.81,179,449,61.9831,110
car_door_45,7,61,8,MTLR,4869.81,296,496,64.4916,128
car_door_45,7,61,1,RSF,4885.78,309,509,71.6494,84
car_door_45,7,61,7,ELASTICNET,4892.66,393,593,73.8023,16
car_door_45,8,71,4,SSVM,4895.94,103,399,43.5311,130
car_door_45,8,71,6,KNN,4877.03,211,411,52.5131,65
car_door_45,8,71,7,ELASTICNET,4895.94,47,399,54.9703,20
car_door_45,8,71,3,DEEPSURV,4895.94,125,405,57.5215,106
car_door_45,8,71,5,WEIBULLAFT,4895.5,192,449,59.3235,64
car_door_45,8,71,1,RSF,4895.94,34,399,61.0922,75
car_door_45,8,71,2,GBSA,4895.94,335,535,66.0489,56
car_door_45,8,71,8,MTLR,4894.3,440,640,73.4567,170
car_door_45,8,71,0,COX,4869.81,624,824,90.1974,1
car_door_45,8,71,9,BASELINE,4894.43,174,374,50.2593,0
car_door_45,9,81,7,ELASTICNET,4895.94,27,399,41.6358,142
car_door_45,9,81,5,WEIBULLAFT,4895.94,185,449,48.695,157
car_door_45,9,81,4,SSVM,4895.94,171,449,49.9622,122
car_door_45,9,81,9,BASELINE,4895.94,242,442,56.7406,0
car_door_45,9,81,6,KNN,4872.48,224,449,57.7409,58
car_door_45,9,81,2,GBSA,4895.94,129,409,59.4562,1
car_door_45,9,81,1,RSF,4869.81,175,449,66.0411,83
car_door_45,9,81,8,MTLR,4869.81,255,455,68.8863,33
car_door_45,9,81,0,COX,4874.16,971,1001,98.8173,60
car_door_45,9,81,3,DEEPSURV,4869.81,747,947,108.002,30
