instance,run,seed,island,model,percentile,threshold,objective,val_samples
bonus1000,10,91,0,COX,90,1.035618,0.0651,40
bonus1000,10,91,1,RSF,70,112.568342,-0.022,50
bonus1000,10,91,7,ELASTICNET,90,0.225527,0.0782,50
bonus1000,10,91,4,SSVM,50,-0.865286,0.3035,47
bonus1000,10,91,5,WEIBULLAFT,55,-15.086152,0.2024,48
bonus1000,10,91,6,KNN,90,-12.26,0.0511,50
bonus1000,10,91,3,DEEPSURV,65,65.0,0.0623,50
bonus1000,10,91,2,GBSA,60,0.343538,0.0518,50
bonus1000,10,91,8,MTLR,90,0.966142,0.0606,50
bonus1000,1,1,1,RSF,65,114.696853,0.1417,50
bonus1000,1,1,6,KNN,65,-19.42,0.2327,50
bonus1000,1,1,0,COX,70,1.011054,0.1771,50
bonus1000,1,1,5,WEIBULLAFT,60,-12.880258,0.4078,47
bonus1000,1,1,4,SSVM,50,-0.674563,0.386,48
bonus1000,1,1,7,ELASTICNET,55,0.020245,0.0261,50
bonus1000,1,1,2,GBSA,70,1.011024,0.1363,50
bonus1000,1,1,8,MTLR,75,0.96971,0.0418,50
bonus1000,1,1,3,DEEPSURV,75,75.0,0.0099,50
bonus1000,2,11,5,WEIBULLAFT,95,-9.55403,-0.0236,40
bonus1000,2,11,2,GBSA,55,0.13171,0.2218,46
bonus1000,2,11,6,KNN,85,-14.533333,0.0969,50
bonus1000,2,11,7,ELASTICNET,50,0.013502,0.0565,50
bonus1000,2,11,4,SSVM,50,-1.284104,0.1445,48
bonus1000,2,11,0,COX,65,1.011899,0.1656,50
bonus1000,2,11,1,RSF,75,117.891129,0.1091,50
bonus1000,2,11,3,DEEPSURV,70,70.0,0.0667,50
bonus1000,2,11,8,MTLR,55,0.960585,-0.0265,50
bonus1000,3,21,0,COX,55,1.001934,0.0873,50
bonus1000,3,21,4,SSVM,50,-0.837934,0.3875,48
bonus1000,3,21,6,KNN,50,-19.866667,0.2954,50
bonus1000,3,21,7,ELASTICNET,55,0.026604,0.1694,50
bonus1000,3,21,5,WEIBULLAFT,70,-14.26849,-0.0355,47
bonus1000,3,21,1,RSF,90,110.605259,0.0748,46
bonus1000,3,21,2,GBSA,65,0.714074,0.2254,50
bonus1000,3,21,3,DEEPSURV,50,50.0,0.0579,50
bonus1000,3,21,8,MTLR,95,0.99183,0.0444,50
bonus1000,4,31,4,SSVM,65,-0.262667,0.1321,47
bonus1000,4,31,6,KNN,75,-17.0,0.0878,50
bonus1000,4,31,7,ELASTICNET,50,-0.000982,0.1082,50
bonus1000,4,31,0,COX,70,1.046579,0.1079,50
bonus1000,4,31,2,GBSA,80,1.130929,0.0845,50
bonus1000,4,31,5,WEIBULLAFT,55,-13.034217,0.3563,48
bonus1000,4,31,1,RSF,50,93.88436,0.3168,50
bonus1000,4,31,8,MTLR,80,0.986312,-0.0563,50
bonus1000,4,31,3,DEEPSURV,75,75.0,0.0022,50
bonus1000,5,41,2,GBSA,50,0.079039,0.1176,46
bonus1000,5,41,7,ELASTICNET,50,0.008806,0.1065,50
bonus1000,5,41,6,KNN,50,-20.933333,0.349,50
bonus1000,5,41,0,COX,75,1.077238,0.1457,50
bonus1000,5,41,4,SSVM,50,-0.707192,0.1996,48
bonus1000,5,41,1,RSF,85,115.604301,0.1053,50
bonus1000,5,41,5,WEIBULLAFT,50,-15.158673,0.2888,48
bonus1000,5,41,8,MTLR,60,0.982745,0.1422,50
bonus1000,5,41,3,DEEPSURV,60,60.0,0.1102,50
bonus1000,6,51,7,ELASTICNET,80,0.230126,0.1646,40
bonus1000,6,51,6,KNN,85,-13.16,0.138,40
bonus1000,6,51,5,WEIBULLAFT,85,-10.948408,0.0788,41
bonus1000,6,51,4,SSVM,75,-0.833267,0.0556,47
bonus1000,6,51,2,GBSA,60,0.450381,0.0717,50
bonus1000,6,51,1,RSF,90,116.545876,0.0463,50
bonus1000,6,51,3,DEEPSURV,65,65.0,0.0251,50
bonus1000,6,51,0,COX,65,1.008734,0.1887,50
bonus1000,6,51,8,MTLR,55,0.971989,0.0987,50
bonus1000,7,61,6,KNN,95,-10.33,0.0288,43
bonus1000,7,61,1,RSF,90,105.073615,0.0914,47
bonus1000,7,61,0,COX,85,1.021795,0.1159,50
bonus1000,7,61,7,ELASTICNET,60,0.115356,0.1199,50
bonus1000,7,61,2,GBSA,50,0.207777,0.2409,50
bonus1000,7,61,4,SSVM,60,-0.97764,0.3595,48
bonus1000,7,61,5,WEIBULLAFT,70,-11.605984,0.0504,48
bonus1000,7,61,8,MTLR,65,0.977793,-0.0262,50
bonus1000,7,61,3,DEEPSURV,75,75.0,0.1193,50
bonus1000,8,71,2,GBSA,70,0.826451,0.1303,50
bonus1000,8,71,4,SSVM,60,-0.924161,0.1313,48
bonus1000,8,71,7,ELASTICNET,75,0.12588,0.0776,50
bonus1000,8,71,5,WEIBULLAFT,95,-10.792931,-0.0418,48
bonus1000,8,71,0,COX,50,1.008351,0.1932,50
bonus1000,8,71,3,DEEPSURV,80,80.0,0.0171,50
bonus1000,8,71,6,KNN,50,-20.966667,0.2502,50
bonus1000,8,71,1,RSF,70,105.627231,0.1094,50
bonus1000,8,71,8,MTLR,55,0.919919,-0.0349,50
bonus1000,9,81,6,KNN,95,-13.55,0.0496,50
bonus1000,9,81,2,GBSA,70,0.805195,0.185,50
bonus1000,9,81,0,COX,50,1.00009,0.5066,50
bonus1000,9,81,5,WEIBULLAFT,95,-10.701021,0.0181,47
bonus1000,9,81,7,ELASTICNET,60,0.031815,0.0808,50
bonus1000,9,81,4,SSVM,80,-0.705217,0.1014,47
bonus1000,9,81,8,MTLR,60,0.967294,0.2773,50
bonus1000,9,81,1,RSF,95,120.734248,-0.0173,50
bonus1000,9,81,3,DEEPSURV,95,95.0,-0.027,50
concentricCircles1,10,91,7,ELASTICNET,50,0.066043,0.4495,33
concentricCircles1,10,91,4,SSVM,50,-0.887942,0.5026,32
concentricCircles1,10,91,6,KNN,95,-11.38,0.0496,32
concentricCircles1,10,91,0,COX,50,1.096425,0.5549,34
concentricCircles1,10,91,1,RSF,55,66.792081,0.3707,36
concentricCircles1,10,91,2,GBSA,50,0.220801,0.1997,35
concentricCircles1,10,91,5,WEIBULLAFT,65,-13.476318,0.1426,34
concentricCircles1,10,91,8,MTLR,70,0.997427,0.1265,34
concentricCircles1,10,91,3,DEEPSURV,50,50.0,-0.0085,35
concentricCircles1,1,1,6,KNN,85,-13.386667,0.1243,36
concentricCircles1,1,1,4,SSVM,50,-1.227529,0.4288,33
concentricCircles1,1,1,7,ELASTICNET,50,0.058995,-0.0045,38
concentricCircles1,1,1,0,COX,60,1.100298,0.2422,33
concentricCircles1,1,1,1,RSF,50,58.314936,0.2103,35
concentricCircles1,1,1,2,GBSA,50,0.195347,0.3731,36
concentricCircles1,1,1,5,WEIBULLAFT,50,-13.653769,0.0675,34
concentricCircles1,1,1,3,DEEPSURV,50,50.0,0.4604,33
concentricCircles1,1,1,8,MTLR,65,0.856415,0.092,35
concentricCircles1,2,11,6,KNN,60,-23.653333,-0.0458,31
concentricCircles1,2,11,4,SSVM,50,-1.033926,0.7569,32
concentricCircles1,2,11,1,RSF,50,61.537693,0.2938,35
concentricCircles1,2,11,5,WEIBULLAFT,95,-10.667399,-0.0155,29
concentricCircles1,2,11,2,GBSA,50,0.202876,0.0421,37
concentricCircles1,2,11,0,COX,65,1.136738,0.1862,39
concentricCircles1,2,11,7,ELASTICNET,60,0.060699,0.2335,44
concentricCircles1,2,11,3,DEEPSURV,55,55.0,0.3007,34
concentricCircles1,3,21,6,KNN,75,-16.766667,0.2327,35
concentricCircles1,3,21,7,ELASTICNET,90,0.211878,-0.1257,
concentricCircles1,3,21,4,SSVM,50,-0.779126,0.0588,32
concentricCircles1,3,21,0,COX,60,1.111103,0.1378,34
concentricCircles1,3,21,1,RSF,70,62.04015,0.086,33
concentricCircles1,3,21,2,GBSA,50,0.210111,0.4783,35
concentricCircles1,3,21,5,WEIBULLAFT,50,-14.237313,0.4014,33
concentricCircles1,3,21,3,DEEPSURV,50,50.0,0.2364,36
concentricCircles1,3,21,8,MTLR,95,0.989589,-0.071,40
concentricCircles1,4,31,6,KNN,50,-19.666667,0.1722,36
concentricCircles1,4,31,4,SSVM,50,-0.683094,0.1603,31
concentricCircles1,4,31,7,ELASTICNET,60,0.125302,0.2772,36
concentricCircles1,4,31,0,COX,95,1.355994,0.0525,34
concentricCircles1,4,31,1,RSF,55,72.81202,0.3313,36
concentricCircles1,4,31,2,GBSA,50,0.103929,0.3284,34
concentricCircles1,4,31,5,WEIBULLAFT,95,-13.74474,0.0511,32
concentricCircles1,4,31,3,DEEPSURV,85,85.0,-0.0478,34
concentricCircles1,4,31,8,MTLR,95,0.996182,-0.0426,35
concentricCircles1,5,41,4,SSVM,50,-0.760065,0.3752,33
concentricCircles1,5,41,6,KNN,70,-16.4,0.1581,37
concentricCircles1,5,41,0,COX,60,1.085843,0.1886,34
concentricCircles1,5,41,2,GBSA,60,0.863716,0.3717,34
concentricCircles1,5,41,1,RSF,55,57.954279,0.2985,31
concentricCircles1,5,41,5,WEIBULLAFT,50,-14.309564,0.4461,31
concentricCircles1,5,41,7,ELASTICNET,85,0.323373,0.1431,40
concentricCircles1,5,41,3,DEEPSURV,95,95.0,0.0509,35
concentricCircles1,5,41,8,MTLR,75,0.928539,0.0202,36
concentricCircles1,6,51,6,KNN,70,-16.986667,0.1992,36
concentricCircles1,6,51,7,ELASTICNET,50,0.128414,0.4533,34
concentricCircles1,6,51,4,SSVM,50,-1.133033,0.5504,34
concentricCircles1,6,51,0,COX,50,1.148699,0.0614,36
concentricCircles1,6,51,2,GBSA,90,2.464099,0.0835,35
concentricCircles1,6,51,1,RSF,50,63.183225,0.1685,35
concentricCircles1,6,51,5,WEIBULLAFT,50,-16.236858,0.3086,33
concentricCircles1,6,51,3,DEEPSURV,50,50.0,0.1908,35
concentricCircles1,6,51,8,MTLR,50,0.947189,0.2469,36
concentricCircles1,7,61,6,KNN,50,-21.466667,0.4455,35
concentricCircles1,7,61,7,ELASTICNET,85,0.186198,0.0751,34
concentricCircles1,7,61,0,COX,85,1.324921,0.0994,34
concentricCircles1,7,61,4,SSVM,75,-1.059452,0.0829,33
concentricCircles1,7,61,1,RSF,55,69.421885,0.0908,35
concentricCircles1,7,61,2,GBSA,65,0.879673,0.1215,34
concentricCircles1,7,61,5,WEIBULLAFT,50,-16.479505,0.2,32
concentricCircles1,7,61,3,DEEPSURV,50,50.0,0.2442,35
concentricCircles1,7,61,8,MTLR,50,0.980483,0.6551,38
concentricCircles1,8,71,6,KNN,50,-22.233333,0.3615,34
concentricCircles1,8,71,0,COX,70,1.149657,0.0392,35
concentricCircles1,8,71,7,ELASTICNET,55,0.077914,0.3401,35
concentricCircles1,8,71,1,RSF,50,61.30699,0.1621,36
concentricCircles1,8,71,5,WEIBULLAFT,55,-14.400305,0.1386,33
concentricCircles1,8,71,2,GBSA,50,0.125491,0.2286,40
concentricCircles1,8,71,4,SSVM,50,-0.897638,0.409,41
concentricCircles1,8,71,8,MTLR,50,0.969397,-0.1798,34
concentricCircles1,8,71,3,DEEPSURV,75,75.0,0.0337,35
concentricCircles1,9,81,6,KNN,50,-20.133333,0.1698,34
concentricCircles1,9,81,4,SSVM,75,-0.575224,0.1126,35
concentricCircles1,9,81,7,ELASTICNET,80,0.123794,-0.0474,34
concentricCircles1,9,81,0,COX,50,1.022163,0.3298,35
concentricCircles1,9,81,2,GBSA,50,0.020255,0.215,34
concentricCircles1,9,81,1,RSF,80,76.632532,0.2262,34
concentricCircles1,9,81,5,WEIBULLAFT,80,-13.844379,0.1572,33
concentricCircles1,9,81,3,DEEPSURV,55,55.0,0.2688,35
concentricCircles1,9,81,8,MTLR,95,0.999901,-0.0593,38
rotatingDiamonds1,10,91,6,KNN,60,-17.013333,0.4797,40
rotatingDiamonds1,10,91,7,ELASTICNET,65,0.09659,0.3361,40
rotatingDiamonds1,10,91,4,SSVM,50,2.154203,0.2743,38
rotatingDiamonds1,10,91,0,COX,95,1.364511,0.0397,40
rotatingDiamonds1,10,91,1,RSF,50,67.88465,0.3865,40
rotatingDiamonds1,10,91,2,GBSA,85,1.707638,0.0783,40
rotatingDiamonds1,10,91,5,WEIBULLAFT,65,-10.204767,0.4235,39
rotatingDiamonds1,10,91,3,DEEPSURV,50,50.0,0.1628,40
rotatingDiamonds1,10,91,8,MTLR,65,0.987078,-0.0865,40
rotatingDiamonds1,1,1,7,ELASTICNET,50,0.066905,0.6373,40
rotatingDiamonds1,1,1,6,KNN,50,-19.466667,0.1921,40
rotatingDiamonds1,1,1,4,SSVM,55,44.171881,0.2131,39
rotatingDiamonds1,1,1,0,COX,90,1.222699,0.0908,40
rotatingDiamonds1,1,1,2,GBSA,55,0.196964,0.1923,40
rotatingDiamonds1,1,1,1,RSF,55,87.367604,0.4266,40
rotatingDiamonds1,1,1,5,WEIBULLAFT,50,-14.091729,0.3587,37
rotatingDiamonds1,1,1,3,DEEPSURV,50,50.0,0.1611,40
rotatingDiamonds1,1,1,8,MTLR,85,0.970995,-0.0703,40
rotatingDiamonds1,2,11,7,ELASTICNET,50,0.034261,0.1129,40
rotatingDiamonds1,2,11,6,KNN,90,-12.933333,0.0544,40
rotatingDiamonds1,2,11,0,COX,50,1.09951,0.4404,40
rotatingDiamonds1,2,11,4,SSVM,50,-0.597064,0.2386,39
rotatingDiamonds1,2,11,1,RSF,50,66.241387,0.4866,40
rotatingDiamonds1,2,11,2,GBSA,50,0.167393,0.1111,40
rotatingDiamonds1,2,11,5,WEIBULLAFT,60,-14.224156,0.1688,38
rotatingDiamonds1,2,11,3,DEEPSURV,75,75.0,0.0093,40
rotatingDiamonds1,2,11,8,MTLR,50,0.940243,0.3074,
rotatingDiamonds1,3,21,6,KNN,65,-15.493333,0.2393,40
rotatingDiamonds1,3,21,7,ELASTICNET,55,0.058388,0.1847,40
rotatingDiamonds1,3,21,4,SSVM,50,-0.755001,0.243,38
rotatingDiamonds1,3,21,0,COX,90,1.313346,0.0903,40
rotatingDiamonds1,3,21,1,RSF,80,84.678574,0.177,40
rotatingDiamonds1,3,21,2,GBSA,80,1.520358,0.1011,40
rotatingDiamonds1,3,21,5,WEIBULLAFT,50,-13.532293,0.2037,38
rotatingDiamonds1,3,21,3,DEEPSURV,65,65.0,0.3447,40
rotatingDiamonds1,3,21,8,MTLR,50,0.975881,0.2484,40
rotatingDiamonds1,4,31,6,KNN,50,-19.2,0.0472,40
rotatingDiamonds1,4,31,7,ELASTICNET,50,0.033313,0.2068,40
rotatingDiamonds1,4,31,4,SSVM,65,-0.714789,-0.0164,38
rotatingDiamonds1,4,31,0,COX,65,1.169782,0.3853,40
rotatingDiamonds1,4,31,1,RSF,50,70.037569,0.3139,40
rotatingDiamonds1,4,31,2,GBSA,55,0.369463,0.1508,40
rotatingDiamonds1,4,31,5,WEIBULLAFT,65,-11.328176,0.0702,38
rotatingDiamonds1,4,31,3,DEEPSURV,95,95.0,-0.0145,40
rotatingDiamonds1,4,31,8,MTLR,85,0.984334,0.1331,40
rotatingDiamonds1,5,41,7,ELASTICNET,65,0.090131,0.2809,40
rotatingDiamonds1,5,41,6,KNN,50,-18.266667,0.254,40
rotatingDiamonds1,5,41,0,COX,85,1.18496,0.0729,40
rotatingDiamonds1,5,41,4,SSVM,50,-51.768597,0.151,38
rotatingDiamonds1,5,41,1,RSF,65,80.346126,0.3652,40
rotatingDiamonds1,5,41,2,GBSA,55,0.329122,0.4249,40
rotatingDiamonds1,5,41,5,WEIBULLAFT,80,-11.876957,0.0368,38
rotatingDiamonds1,5,41,3,DEEPSURV,95,95.0,0.0218,40
rotatingDiamonds1,5,41,8,MTLR,50,0.93377,0.1424,40
rotatingDiamonds1,6,51,4,SSVM,50,-0.701899,0.396,37
rotatingDiamonds1,6,51,6,KNN,85,-11.78,-0.085,40
rotatingDiamonds1,6,51,7,ELASTICNET,95,0.270967,-0.0088,40
rotatingDiamonds1,6,51,0,COX,50,0.990344,0.2229,40
rotatingDiamonds1,6,51,1,RSF,50,71.962308,0.2197,40
rotatingDiamonds1,6,51,2,GBSA,55,0.413304,0.1586,40
rotatingDiamonds1,6,51,5,WEIBULLAFT,50,-11.824082,0.4087,38
rotatingDiamonds1,6,51,3,DEEPSURV,95,95.0,-0.0231,40
rotatingDiamonds1,6,51,8,MTLR,80,0.981446,-0.003,40
rotatingDiamonds1,7,61,7,ELASTICNET,55,0.076574,0.2618,40
rotatingDiamonds1,7,61,4,SSVM,50,-0.503023,0.5143,38
rotatingDiamonds1,7,61,0,COX,70,1.248984,0.2534,40
rotatingDiamonds1,7,61,6,KNN,50,-19.433333,0.2377,40
rotatingDiamonds1,7,61,1,RSF,50,63.191963,0.464,40
rotatingDiamonds1,7,61,2,GBSA,85,1.755828,0.1221,40
rotatingDiamonds1,7,61,5,WEIBULLAFT,95,-6.713364,0.0487,38
rotatingDiamonds1,7,61,3,DEEPSURV,50,50.0,0.5046,40
rotatingDiamonds1,7,61,8,MTLR,55,0.962157,0.1563,40
rotatingDiamonds1,8,71,7,ELASTICNET,65,0.104532,0.03,40
rotatingDiamonds1,8,71,6,KNN,50,-20.6,0.218,40
rotatingDiamonds1,8,71,4,SSVM,50,-0.798349,0.365,39
rotatingDiamonds1,8,71,0,COX,70,1.151827,0.2735,40
rotatingDiamonds1,8,71,1,RSF,50,66.120313,0.128,40
rotatingDiamonds1,8,71,2,GBSA,50,0.143527,0.1857,40
rotatingDiamonds1,8,71,5,WEIBULLAFT,90,-11.552128,0.0147,39
rotatingDiamonds1,8,71,3,DEEPSURV,50,50.0,0.2032,40
rotatingDiamonds1,8,71,8,MTLR,55,0.950151,0.0323,40
rotatingDiamonds1,9,81,6,KNN,90,-10.913333,0.0528,40
rotatingDiamonds1,9,81,4,SSVM,95,-0.461118,0.0426,38
rotatingDiamonds1,9,81,7,ELASTICNET,55,0.072876,0.1235,40
rotatingDiamonds1,9,81,0,COX,55,1.059857,0.1008,40
rotatingDiamonds1,9,81,1,RSF,80,84.758876,0.1869,40
rotatingDiamonds1,9,81,2,GBSA,50,0.175856,0.0725,40
rotatingDiamonds1,9,81,5,WEIBULLAFT,50,-11.690924,0.5756,38
rotatingDiamonds1,9,81,8,MTLR,90,0.998908,-0.0107,40
rotatingDiamonds1,9,81,3,DEEPSURV,55,55.0,0.0529,40
team4_400,10,91,1,RSF,70,85.381621,0.1645,40
team4_400,10,91,3,DEEPSURV,85,85.0,0.0874,40
team4_400,10,91,7,ELASTICNET,50,-0.006108,0.0606,46
team4_400,10,91,8,MTLR,95,0.986774,0.0588,44
team4_400,10,91,0,COX,50,0.996661,0.2105,50
team4_400,10,91,6,KNN,60,-19.133333,0.0221,50
team4_400,10,91,2,GBSA,85,1.513399,0.106,50
team4_400,10,91,4,SSVM,80,-3.250233,0.0734,48
team4_400,10,91,5,WEIBULLAFT,55,-12.239525,0.4184,47
team4_400,1,1,7,ELASTICNET,50,0.022175,0.1173,40
team4_400,1,1,0,COX,95,1.413517,0.0452,40
team4_400,1,1,6,KNN,50,-19.2,0.3657,41
team4_400,1,1,2,GBSA,50,0.110127,0.5694,46
team4_400,1,1,4,SSVM,50,-3.841645,0.2398,47
team4_400,1,1,1,RSF,50,85.168677,0.2193,50
team4_400,1,1,5,WEIBULLAFT,50,-11.48094,0.2233,48
team4_400,1,1,8,MTLR,55,0.979736,0.2105,47
team4_400,1,1,3,DEEPSURV,50,50.0,0.4065,49
team4_400,2,11,0,COX,50,1.006968,0.2484,40
team4_400,2,11,2,GBSA,50,0.047107,0.422,43
team4_400,2,11,8,MTLR,65,0.930545,-0.0584,42
team4_400,2,11,7,ELASTICNET,65,0.085878,0.0602,48
team4_400,2,11,6,KNN,80,-12.64,0.1149,50
team4_400,2,11,1,RSF,90,111.784058,0.0857,50
team4_400,2,11,5,WEIBULLAFT,50,-13.570165,0.2109,48
team4_400,2,11,4,SSVM,50,-3.706605,0.094,48
team4_400,2,11,3,DEEPSURV,60,60.0,0.198,50
team4_400,3,21,2,GBSA,95,2.755064,0.0514,40
team4_400,3,21,6,KNN,95,-9.41,0.0317,41
team4_400,3,21,3,DEEPSURV,80,80.0,0.1911,40
team4_400,3,21,4,SSVM,55,-4.49761,0.2724,47
team4_400,3,21,1,RSF,50,95.89622,0.1775,50
team4_400,3,21,0,COX,55,1.056491,0.3431,50
team4_400,3,21,7,ELASTICNET,55,0.041587,0.081,50
team4_400,3,21,5,WEIBULLAFT,60,-9.986752,0.3708,47
team4_400,3,21,8,MTLR,95,0.986038,0.0412,50
team4_400,4,31,6,KNN,55,-17.943333,0.2647,50
team4_400,4,31,7,ELASTICNET,65,0.089475,0.1511,50
team4_400,4,31,8,MTLR,50,0.963865,0.3362,44
team4_400,4,31,5,WEIBULLAFT,50,-13.197111,0.2625,48
team4_400,4,31,4,SSVM,50,-4.51196,0.207,47
team4_400,4,31,0,COX,60,1.00817,0.1106,50
team4_400,4,31,2,GBSA,85,1.470637,0.1548,50
team4_400,4,31,1,RSF,50,92.015359,0.2084,50
team4_400,4,31,3,DEEPSURV,50,50.0,0.1882,47
team4_400,5,41,7,ELASTICNET,50,0.054153,0.4806,40
team4_400,5,41,1,RSF,85,96.916335,0.1527,40
team4_400,5,41,6,KNN,85,-12.723333,0.0996,40
team4_400,5,41,5,WEIBULLAFT,75,-10.506997,0.1532,45
team4_400,5,41,0,COX,55,1.026495,0.5077,50
team4_400,5,41,8,MTLR,60,0.892514,-0.0353,42
team4_400,5,41,4,SSVM,55,-8.861284,0.1169,48
team4_400,5,41,2,GBSA,60,0.47225,0.1024,50
team4_400,5,41,3,DEEPSURV,55,55.0,0.3453,50
team4_400,6,51,2,GBSA,85,1.783937,0.0457,45
team4_400,6,51,7,ELASTICNET,50,0.024512,0.4539,46
team4_400,6,51,4,SSVM,70,-5.550347,0.2985,47
team4_400,6,51,3,DEEPSURV,50,50.0,0.3259,40
team4_400,6,51,6,KNN,60,-17.666667,0.1933,50
team4_400,6,51,1,RSF,60,106.212554,0.0724,50
team4_400,6,51,0,COX,65,1.137066,0.203,50
team4_400,6,51,5,WEIBULLAFT,85,-10.53523,0.0536,48
team4_400,6,51,8,MTLR,55,0.917419,0.249,50
team4_400,7,61,2,GBSA,55,0.404377,0.5866,40
team4_400,7,61,4,SSVM,60,-4.199405,0.2432,46
team4_400,7,61,3,DEEPSURV,75,75.0,0.1965,41
team4_400,7,61,0,COX,50,1.063,0.2326,50
team4_400,7,61,5,WEIBULLAFT,50,-12.866488,0.2001,47
team4_400,7,61,6,KNN,50,-19.466667,0.1507,50
team4_400,7,61,7,ELASTICNET,65,0.064147,0.0147,50
team4_400,7,61,1,RSF,70,112.472516,0.1952,50
team4_400,7,61,8,MTLR,55,0.939444,0.1516,50
team4_400,8,71,1,RSF,80,82.302203,0.1111,40
team4_400,8,71,0,COX,50,1.00678,0.2094,46
team4_400,8,71,7,ELASTICNET,85,0.200018,0.1153,46
team4_400,8,71,6,KNN,70,-19.18,0.0514,50
team4_400,8,71,4,SSVM,50,-4.971572,0.2908,48
team4_400,8,71,2,GBSA,60,0.417524,0.2241,50
team4_400,8,71,5,WEIBULLAFT,50,-12.960239,0.2546,48
team4_400,8,71,3,DEEPSURV,95,95.0,0.0361,49
team4_400,8,71,8,MTLR,95,0.998289,-0.0494,50
team4_400,9,81,1,RSF,55,81.267664,0.097,40
team4_400,9,81,0,COX,95,1.070213,0.0461,47
team4_400,9,81,7,ELASTICNET,95,0.167298,0.0292,50
team4_400,9,81,4,SSVM,60,-2.938631,0.1655,48
team4_400,9,81,6,KNN,80,-10.933333,0.1598,50
team4_400,9,81,2,GBSA,65,0.690915,0.1756,50
team4_400,9,81,5,WEIBULLAFT,90,-9.257289,0.0165,47
team4_400,9,81,3,DEEPSURV,50,50.0,0.3233,50
team4_400,9,81,8,MTLR,50,0.88846,0.1553,50
d493_or2,10,91,8,MTLR,95,0.976693,-0.0174,43
d493_or2,10,91,7,ELASTICNET,60,0.086496,0.1162,50
d493_or2,10,91,0,COX,95,1.043168,0.0363,50
d493_or2,10,91,5,WEIBULLAFT,50,-12.613838,0.3279,47
d493_or2,10,91,2,GBSA,55,0.384016,0.0463,50
d493_or2,10,91,6,KNN,70,-15.693333,0.1487,50
d493_or2,10,91,1,RSF,95,111.461872,0.0148,50
d493_or2,10,91,4,SSVM,50,-0.930538,0.4346,47
d493_or2,10,91,3,DEEPSURV,50,50.0,0.2834,50
d493_or2,1,1,6,KNN,50,-20.6,0.2253,43
d493_or2,1,1,4,SSVM,50,-1.604418,0.3213,38
d493_or2,1,1,8,MTLR,50,0.971426,0.2227,40
d493_or2,1,1,0,COX,70,1.011919,0.1785,50
d493_or2,1,1,7,ELASTICNET,75,0.175832,0.0785,50
d493_or2,1,1,2,GBSA,75,1.084085,0.1272,50
d493_or2,1,1,5,WEIBULLAFT,60,-13.360484,0.2974,48
d493_or2,1,1,1,RSF,50,94.27091,0.194,50
d493_or2,1,1,3,DEEPSURV,50,50.0,0.6575,50
d493_or2,2,11,5,WEIBULLAFT,90,-11.523111,-0.0342,40
d493_or2,2,11,2,GBSA,50,0.160842,0.282,47
d493_or2,2,11,0,COX,80,1.025278,0.1888,50
d493_or2,2,11,6,KNN,55,-20.136667,0.2183,50
d493_or2,2,11,7,ELASTICNET,95,0.231164,-0.0298,50
d493_or2,2,11,1,RSF,55,102.44876,0.0953,50
d493_or2,2,11,4,SSVM,55,19.924433,0.2142,47
d493_or2,2,11,8,MTLR,55,0.991077,0.3645,50
d493_or2,2,11,3,DEEPSURV,55,55.0,-0.0457,50
d493_or2,3,21,5,WEIBULLAFT,70,-10.397089,0.2663,38
d493_or2,3,21,1,RSF,90,92.717677,-0.0068,41
d493_or2,3,21,4,SSVM,50,-2.139928,0.388,47
d493_or2,3,21,0,COX,65,1.032699,0.2488,50
d493_or2,3,21,7,ELASTICNET,50,0.019751,0.5791,50
d493_or2,3,21,6,KNN,60,-18.266667,0.127,50
d493_or2,3,21,3,DEEPSURV,90,90.0,-0.0093,47
d493_or2,3,21,2,GBSA,60,0.42666,0.2061,50
d493_or2,3,21,8,MTLR,55,0.963098,0.2128,48
d493_or2,4,31,6,KNN,50,-22.066667,0.1928,48
d493_or2,4,31,1,RSF,50,98.031285,0.364,50
d493_or2,4,31,4,SSVM,50,-2.40331,0.5097,47
d493_or2,4,31,0,COX,75,1.021188,0.2058,50
d493_or2,4,31,7,ELASTICNET,55,0.045736,0.3312,50
d493_or2,4,31,5,WEIBULLAFT,50,-13.139717,0.1345,47
d493_or2,4,31,2,GBSA,50,0.148442,0.2615,50
d493_or2,4,31,8,MTLR,70,0.975412,-0.0036,50
d493_or2,4,31,3,DEEPSURV,50,50.0,0.3781,50
d493_or2,5,41,7,ELASTICNET,55,0.021996,0.3198,40
d493_or2,5,41,3,DEEPSURV,50,50.0,0.2216,40
d493_or2,5,41,1,RSF,65,85.363446,0.2128,47
d493_or2,5,41,4,SSVM,50,-2.358778,0.1656,48
d493_or2,5,41,0,COX,60,1.007119,0.2789,50
d493_or2,5,41,6,KNN,50,-18.0,0.3764,50
d493_or2,5,41,5,WEIBULLAFT,55,-13.336609,0.2572,47
d493_or2,5,41,2,GBSA,75,1.142712,0.1106,50
d493_or2,5,41,8,MTLR,90,0.966329,0.0477,50
d493_or2,6,51,6,KNN,50,-20.133333,0.2841,45
d493_or2,6,51,1,RSF,65,99.227484,0.2228,50
d493_or2,6,51,7,ELASTICNET,65,0.10308,0.0884,49
d493_or2,6,51,5,WEIBULLAFT,55,-12.376627,0.3882,48
d493_or2,6,51,4,SSVM,55,-2.072458,-0.0163,47
d493_or2,6,51,0,COX,55,1.004431,-0.0222,50
d493_or2,6,51,2,GBSA,55,0.35155,0.3298,50
d493_or2,6,51,8,MTLR,50,0.948303,0.3241,50
d493_or2,6,51,3,DEEPSURV,60,60.0,0.3561,50
d493_or2,7,61,5,WEIBULLAFT,50,-13.502303,0.6113,38
d493_or2,7,61,4,SSVM,50,-1.284934,0.0615,38
d493_or2,7,61,7,ELASTICNET,50,0.010074,0.0031,46
d493_or2,7,61,2,,75,0.940898,0.1857,46
d493_or2,7,61,0,COX,55,1.003579,0.245,50
d493_or2,7,61,1,RSF,85,110.204334,0.0951,50
d493_or2,7,61,6,KNN,65,-17.21,0.1398,50
d493_or2,7,61,8,MTLR,80,0.961791,0.0067,49
d493_or2,7,61,3,DEEPSURV,95,95.0,0.0134,50
d493_or2,8,71,5,WEIBULLAFT,50,-13.08164,0.3183,47
d493_or2,8,71,1,RSF,95,114.652969,0.0479,50
d493_or2,8,71,4,SSVM,65,-0.948463,0.0951,47
d493_or2,8,71,7,ELASTICNET,70,0.105439,0.2886,50
d493_or2,8,71,2,GBSA,50,0.186706,0.5623,50
d493_or2,8,71,0,COX,75,1.012528,0.1726,50
d493_or2,8,71,8,MTLR,60,0.939788,0.0494,48
d493_or2,8,71,6,KNN,50,-20.133333,0.3386,50
d493_or2,8,71,3,DEEPSURV,60,60.0,0.2905,50
d493_or2,9,81,2,GBSA,65,0.726814,0.109,41
d493_or2,9,81,5,WEIBULLAFT,85,-10.9128,0.1079,44
d493_or2,9,81,4,SSVM,95,-1.708373,-0.0521,46
d493_or2,9,81,0,COX,50,1.033053,0.1771,50
d493_or2,9,81,1,RSF,50,98.726655,0.3614,50
d493_or2,9,81,6,KNN,55,-19.203333,0.2411,50
d493_or2,9,81,7,ELASTICNET,70,0.181669,0.2471,50
d493_or2,9,81,3,DEEPSURV,65,65.0,0.0968,50
d493_or2,9,81,8,MTLR,70,0.990332,0.0142,50
kroD100_or10,10,91,7,ELASTICNET,60,0.07162,0.1298,44
kroD100_or10,10,91,4,SSVM,50,-2.395678,0.244,47
kroD100_or10,10,91,6,KNN,60,-19.973333,0.0873,50
kroD100_or10,10,91,0,COX,60,1.056551,0.1268,50
kroD100_or10,10,91,1,RSF,95,114.109406,0.0097,50
kroD100_or10,10,91,2,GBSA,80,1.416469,0.145,50
kroD100_or10,10,91,8,MTLR,95,0.999992,-0.0239,40
kroD100_or10,10,91,3,DEEPSURV,55,55.0,-0.0076,49
kroD100_or10,1,1,7,ELASTICNET,65,0.075358,0.0676,50
kroD100_or10,1,1,6,KNN,50,-20.966667,0.3013,50
kroD100_or10,1,1,4,SSVM,95,-2.401401,-0.0836,47
kroD100_or10,1,1,0,COX,50,0.996736,0.209,50
kroD100_or10,1,1,1,RSF,60,94.598011,0.2265,50
kroD100_or10,1,1,2,GBSA,50,0.173908,0.1275,50
kroD100_or10,1,1,5,WEIBULLAFT,55,-13.798044,0.1197,47
kroD100_or10,1,1,3,DEEPSURV,85,85.0,-0.1195,50
kroD100_or10,1,1,8,MTLR,50,0.979716,0.4605,50
kroD100_or10,2,11,1,RSF,70,89.24608,0.2534,40
kroD100_or10,2,11,6,KNN,50,-19.133333,0.5075,50
kroD100_or10,2,11,7,ELASTICNET,70,0.071016,0.0581,50
kroD100_or10,2,11,0,COX,50,1.034687,0.1638,50
kroD100_or10,2,11,4,SSVM,60,-1.279032,0.1544,47
kroD100_or10,2,11,2,GBSA,50,0.158429,0.3339,50
kroD100_or10,2,11,5,WEIBULLAFT,50,-14.841906,0.0062,48
kroD100_or10,2,11,3,DEEPSURV,60,60.0,0.2137,50
kroD100_or10,2,11,8,MTLR,50,0.95697,0.201,50
kroD100_or10,3,21,0,COX,95,1.331756,-0.0815,41
kroD100_or10,3,21,1,RSF,55,85.046544,0.339,44
kroD100_or10,3,21,5,WEIBULLAFT,90,-10.749559,0.0353,41
kroD100_or10,3,21,6,KNN,95,-8.223333,0.0401,50
kroD100_or10,3,21,4,SSVM,50,-2.749261,0.3126,48
kroD100_or10,3,21,7,ELASTICNET,50,0.044203,0.2129,50
kroD100_or10,3,21,2,GBSA,55,0.320828,0.3326,50
kroD100_or10,3,21,8,MTLR,95,0.995133,-0.1047,50
kroD100_or10,3,21,3,DEEPSURV,95,95.0,-0.0288,50
kroD100_or10,4,31,6,KNN,50,-20.0,0.24,50
kroD100_or10,4,31,7,ELASTICNET,85,0.11502,0.0964,50
kroD100_or10,4,31,4,SSVM,70,-1.188899,0.1345,47
kroD100_or10,4,31,0,COX,70,1.098186,0.1442,50
kroD100_or10,4,31,1,RSF,50,95.312567,0.1601,50
kroD100_or10,4,31,2,GBSA,50,0.108847,0.2004,50
kroD100_or10,4,31,5,WEIBULLAFT,65,-14.602217,0.1208,48
kroD100_or10,4,31,3,DEEPSURV,85,85.0,-0.0636,50
kroD100_or10,4,31,8,MTLR,75,0.958785,-0.0295,50
kroD100_or10,5,41,1,RSF,80,101.096855,0.0033,43
kroD100_or10,5,41,4,SSVM,50,-1.228707,0.0627,48
kroD100_or10,5,41,6,KNN,75,-16.6,0.076,50
kroD100_or10,5,41,0,COX,80,1.143619,0.0503,50
kroD100_or10,5,41,7,ELASTICNET,50,0.00054,0.2223,50
kroD100_or10,5,41,2,GBSA,50,0.197844,0.0652,50
kroD100_or10,5,41,5,WEIBULLAFT,85,-10.744844,0.0381,47
kroD100_or10,5,41,8,MTLR,90,0.97449,-0.0028,48
kroD100_or10,5,41,3,DEEPSURV,50,50.0,0.1729,50
kroD100_or10,6,51,5,WEIBULLAFT,65,-12.976811,0.1799,39
kroD100_or10,6,51,7,ELASTICNET,85,0.196064,0.0258,50
kroD100_or10,6,51,4,SSVM,90,-1.792308,0.0562,48
kroD100_or10,6,51,6,KNN,50,-22.866667,0.2083,50
kroD100_or10,6,51,0,COX,55,1.024065,0.0193,50
kroD100_or10,6,51,1,RSF,60,99.964119,0.3042,50
kroD100_or10,6,51,2,GBSA,65,0.639893,0.3002,50
kroD100_or10,6,51,8,MTLR,50,0.996264,0.2812,42
kroD100_or10,6,51,3,DEEPSURV,90,90.0,-0.0801,50
kroD100_or10,7,61,6,KNN,90,-11.1,0.0446,48
kroD100_or10,7,61,7,ELASTICNET,55,0.051325,0.3161,50
kroD100_or10,7,61,4,SSVM,95,-2.128976,0.0125,47
kroD100_or10,7,61,0,COX,80,1.14248,0.0366,50
kroD100_or10,7,61,1,RSF,50,95.946938,0.1715,50
kroD100_or10,7,61,2,GBSA,70,0.781269,0.1549,50
kroD100_or10,7,61,5,WEIBULLAFT,50,-14.596368,0.3705,48
kroD100_or10,7,61,3,DEEPSURV,80,80.0,-0.0547,50
kroD100_or10,7,61,8,MTLR,50,0.97273,0.3659,50
kroD100_or10,8,71,1,RSF,80,89.564979,0.1518,40
kroD100_or10,8,71,5,WEIBULLAFT,50,-15.262941,0.2304,38
kroD100_or10,8,71,6,KNN,55,-19.936667,0.1483,50
kroD100_or10,8,71,7,ELASTICNET,55,0.058729,0.1304,50
kroD100_or10,8,71,4,SSVM,90,-2.478534,0.0232,47
kroD100_or10,8,71,0,COX,50,1.014534,0.4627,50
kroD100_or10,8,71,2,GBSA,75,1.133803,0.2484,50
kroD100_or10,8,71,3,DEEPSURV,80,80.0,0.1832,40
kroD100_or10,8,71,8,MTLR,75,0.94875,0.1145,50
kroD100_or10,9,81,6,KNN,50,-21.266667,0.0558,40
kroD100_or10,9,81,7,ELASTICNET,55,0.041839,0.2448,47
kroD100_or10,9,81,0,COX,80,1.0553,0.0837,50
kroD100_or10,9,81,1,RSF,60,109.892976,0.0883,50
kroD100_or10,9,81,4,SSVM,50,-2.187677,0.3718,48
kroD100_or10,9,81,5,WEIBULLAFT,60,-12.858078,0.4013,46
kroD100_or10,9,81,2,GBSA,95,2.229743,-0.0315,50
kroD100_or10,9,81,8,MTLR,95,0.983526,0.0056,41
kroD100_or10,9,81,3,DEEPSURV,50,50.0,0.313,50
rat195_or10,10,91,0,COX,60,1.060796,0.1551,40
rat195_or10,10,91,6,KNN,50,-19.633333,0.1677,50
rat195_or10,10,91,4,SSVM,75,-3.262291,0.1914,48
rat195_or10,10,91,7,ELASTICNET,85,0.203131,0.1251,50
rat195_or10,10,91,1,RSF,75,109.613497,0.1031,50
rat195_or10,10,91,2,GBSA,60,0.649882,0.4534,50
rat195_or10,10,91,5,WEIBULLAFT,50,-13.271021,0.1503,48
rat195_or10,10,91,8,MTLR,50,0.967942,0.3122,46
rat195_or10,10,91,3,DEEPSURV,50,50.0,0.1704,50
rat195_or10,1,1,0,COX,75,1.15031,0.2355,42
rat195_or10,1,1,6,KNN,75,-15.733333,0.1045,47
rat195_or10,1,1,1,RSF,85,107.686332,0.0767,48
rat195_or10,1,1,7,ELASTICNET,55,0.014667,0.3945,50
rat195_or10,1,1,4,SSVM,75,-2.632498,0.1088,47
rat195_or10,1,1,5,WEIBULLAFT,80,-11.709476,0.1695,47
rat195_or10,1,1,2,GBSA,70,0.833648,0.0711,50
rat195_or10,1,1,3,DEEPSURV,65,65.0,0.1874,50
rat195_or10,1,1,8,MTLR,95,0.993473,-0.0415,50
rat195_or10,2,11,6,KNN,65,-17.776667,0.0949,40
rat195_or10,2,11,7,ELASTICNET,95,0.183471,-0.0322,42
rat195_or10,2,11,0,COX,50,1.023085,0.2428,49
rat195_or10,2,11,4,SSVM,65,-26.854211,0.3627,38
rat195_or10,2,11,5,WEIBULLAFT,95,-7.216056,0.0357,48
rat195_or10,2,11,1,RSF,50,98.59991,0.2204,50
rat195_or10,2,11,2,GBSA,90,2.021239,-0.005,50
rat195_or10,2,11,3,DEEPSURV,95,95.0,-0.0287,50
rat195_or10,2,11,8,MTLR,50,0.943974,0.0903,49
rat195_or10,3,21,5,WEIBULLAFT,75,-11.320305,0.203,39
rat195_or10,3,21,0,COX,55,1.003233,0.4006,48
rat195_or10,3,21,1,RSF,50,96.693917,0.2128,50
rat195_or10,3,21,7,ELASTICNET,50,0.038765,0.1319,50
rat195_or10,3,21,6,KNN,70,-18.266667,0.096,50
rat195_or10,3,21,4,SSVM,50,-11.177401,0.138,47
rat195_or10,3,21,2,GBSA,55,0.306632,0.4156,50
rat195_or10,3,21,8,MTLR,80,0.95504,0.0438,46
rat195_or10,3,21,3,DEEPSURV,70,70.0,0.0862,50
rat195_or10,4,31,1,RSF,50,86.470357,0.2758,47
rat195_or10,4,31,4,SSVM,50,-31.266301,0.4035,45
rat195_or10,4,31,7,ELASTICNET,50,-0.006675,0.2343,50
rat195_or10,4,31,6,KNN,75,-17.65,0.0101,50
rat195_or10,4,31,0,COX,50,1.036838,0.3717,50
rat195_or10,4,31,2,GBSA,60,0.511294,0.1032,50
rat195_or10,4,31,5,WEIBULLAFT,50,-12.797995,0.5812,47
rat195_or10,4,31,3,DEEPSURV,60,60.0,0.0687,50
rat195_or10,4,31,8,MTLR,85,0.8742,-0.071,50
rat195_or10,5,41,1,RSF,50,80.454104,0.241,40
rat195_or10,5,41,0,COX,50,1.034109,0.5312,40
rat195_or10,5,41,6,KNN,60,-17.066667,0.0373,50
rat195_or10,5,41,7,ELASTICNET,85,0.142255,0.125,50
rat195_or10,5,41,4,SSVM,55,-5.951138,0.3673,48
rat195_or10,5,41,2,GBSA,50,0.229496,0.2377,50
rat195_or10,5,41,5,WEIBULLAFT,50,-12.413337,0.2652,48
rat195_or10,5,41,3,DEEPSURV,90,90.0,0.083,50
rat195_or10,5,41,8,MTLR,85,0.985,0.0713,50
rat195_or10,6,51,6,KNN,50,-23.733333,0.344,40
rat195_or10,6,51,4,SSVM,50,-66.621621,0.1789,37
rat195_or10,6,51,0,COX,55,0.999123,0.2721,50
rat195_or10,6,51,7,ELASTICNET,90,0.114271,0.0848,50
rat195_or10,6,51,5,WEIBULLAFT,50,-14.93408,0.3761,46
rat195_or10,6,51,1,RSF,60,101.142281,0.2881,50
rat195_or10,6,51,2,GBSA,60,0.560088,0.4842,50
rat195_or10,6,51,3,DEEPSURV,65,65.0,0.0378,50
rat195_or10,6,51,8,MTLR,95,0.954624,-0.0427,50
rat195_or10,7,61,8,MTLR,95,0.998918,-0.1564,40
rat195_or10,7,61,6,KNN,65,-18.4,0.1933,49
rat195_or10,7,61,4,SSVM,50,39.256919,-0.0401,47
rat195_or10,7,61,7,ELASTICNET,50,0.009419,0.3069,50
rat195_or10,7,61,0,COX,55,1.040303,0.1726,50
rat195_or10,7,61,1,RSF,70,112.318159,0.1941,50
rat195_or10,7,61,2,GBSA,50,0.03559,0.3082,50
rat195_or10,7,61,5,WEIBULLAFT,50,-12.879767,0.4132,48
rat195_or10,7,61,3,DEEPSURV,75,75.0,-0.0549,50
rat195_or10,8,71,4,SSVM,60,-13.665701,0.3717,38
rat195_or10,8,71,2,GBSA,75,1.36964,0.0956,40
rat195_or10,8,71,1,RSF,95,106.760465,-0.0044,41
rat195_or10,8,71,7,ELASTICNET,80,0.199966,0.1909,50
rat195_or10,8,71,6,KNN,70,-17.893333,0.1711,50
rat195_or10,8,71,0,COX,55,1.010492,0.5069,50
rat195_or10,8,71,5,WEIBULLAFT,50,-14.079497,0.2495,47
rat195_or10,8,71,3,DEEPSURV,60,60.0,-0.0083,50
rat195_or10,8,71,8,MTLR,90,0.999275,0.0803,50
rat195_or10,9,81,0,COX,60,1.03386,0.4207,40
rat195_or10,9,81,5,WEIBULLAFT,65,-11.822408,0.223,41
rat195_or10,9,81,4,SSVM,55,-0.216228,0.3384,45
rat195_or10,9,81,6,KNN,95,-9.023333,0.0419,50
rat195_or10,9,81,1,RSF,50,102.944856,0.4543,50
rat195_or10,9,81,7,ELASTICNET,60,0.081009,0.2201,50
rat195_or10,9,81,2,GBSA,95,2.239727,0.029,50
rat195_or10,9,81,3,DEEPSURV,50,50.0,0.2422,50
rat195_or10,9,81,8,MTLR,50,0.910513,0.0924,50
lin318_or30,10,91,2,GBSA,70,0.879851,0.1521,40
lin318_or30,10,91,4,SSVM,60,-0.191811,0.0383,43
lin318_or30,10,91,6,KNN,50,-19.166667,0.1278,48
lin318_or30,10,91,0,COX,50,1.044586,0.2418,50
lin318_or30,10,91,7,ELASTICNET,70,0.100334,0.2528,50
lin318_or30,10,91,1,RSF,80,103.110866,0.0796,50
lin318_or30,10,91,5,WEIBULLAFT,50,-13.489248,0.2412,49
lin318_or30,10,91,8,MTLR,65,0.945588,0.0858,50
lin318_or30,10,91,3,DEEPSURV,50,50.0,-0.0018,50
lin318_or30,1,1,2,GBSA,50,0.153623,0.1119,40
lin318_or30,1,1,6,KNN,55,-19.74,0.0388,44
lin318_or30,1,1,0,COX,50,0.997649,0.5898,47
lin318_or30,1,1,7,ELASTICNET,95,0.160649,-0.0016,50
lin318_or30,1,1,4,SSVM,50,-0.322111,0.3385,47
lin318_or30,1,1,5,WEIBULLAFT,50,-13.962363,0.0628,48
lin318_or30,1,1,1,RSF,95,114.840097,-0.0271,50
lin318_or30,1,1,3,DEEPSURV,50,50.0,0.2801,50
lin318_or30,1,1,8,MTLR,65,0.989568,0.0876,50
lin318_or30,2,11,7,ELASTICNET,50,0.047249,0.2433,40
lin318_or30,2,11,5,WEIBULLAFT,85,-10.836127,0.1465,39
lin318_or30,2,11,4,SSVM,80,-0.276477,0.0466,47
lin318_or30,2,11,0,COX,50,1.001604,0.1334,50
lin318_or30,2,11,6,KNN,50,-23.8,-0.0078,50
lin318_or30,2,11,1,RSF,60,98.137214,0.0647,50
lin318_or30,2,11,2,GBSA,65,0.594404,0.1138,50
lin318_or30,2,11,8,MTLR,55,0.935226,0.3525,46
lin318_or30,2,11,3,DEEPSURV,50,50.0,-0.0309,50
lin318_or30,3,21,1,RSF,50,75.370226,0.1284,40
lin318_or30,3,21,7,ELASTICNET,50,0.001633,0.2137,45
lin318_or30,3,21,4,SSVM,75,-0.156506,0.1681,46
lin318_or30,3,21,6,KNN,65,-19.2,0.064,49
lin318_or30,3,21,0,COX,70,1.141612,0.1993,50
lin318_or30,3,21,5,WEIBULLAFT,65,-12.922839,0.1265,48
lin318_or30,3,21,2,GBSA,55,0.3697,0.0298,50
lin318_or30,3,21,3,DEEPSURV,90,90.0,-0.0084,44
lin318_or30,3,21,8,MTLR,50,0.932661,0.2714,50
lin318_or30,4,31,0,COX,90,1.133648,0.0868,40
lin318_or30,4,31,1,RSF,65,86.786615,0.1391,40
lin318_or30,4,31,6,KNN,90,-12.453333,-0.0105,46
lin318_or30,4,31,7,ELASTICNET,90,0.229063,0.0345,50
lin318_or30,4,31,4,SSVM,55,-0.202636,0.2121,48
lin318_or30,4,31,3,DEEPSURV,50,50.0,0.3107,40
lin318_or30,4,31,5,WEIBULLAFT,50,-12.835123,0.3086,47
lin318_or30,4,31,2,GBSA,50,0.158778,0.2143,50
lin318_or30,4,31,8,MTLR,50,0.98571,0.33,49
lin318_or30,5,41,4,SSVM,50,-0.205043,0.2803,37
lin318_or30,5,41,0,COX,50,1.011244,0.3618,43
lin318_or30,5,41,2,GBSA,50,0.245657,0.2752,41
lin318_or30,5,41,6,KNN,55,-19.053333,0.0526,43
lin318_or30,5,41,5,WEIBULLAFT,95,-8.73839,0.0554,44
lin318_or30,5,41,1,RSF,50,89.743313,0.1356,49
lin318_or30,5,41,7,ELASTICNET,70,0.08945,0.3168,50
lin318_or30,5,41,3,DEEPSURV,50,50.0,0.4238,42
lin318_or30,5,41,8,MTLR,50,0.946683,0.1733,50
lin318_or30,6,51,6,KNN,55,-21.13,0.3995,40
lin318_or30,6,51,5,WEIBULLAFT,75,-10.938429,0.1062,39
lin318_or30,6,51,4,SSVM,55,-0.171447,0.2467,48
lin318_or30,6,51,7,ELASTICNET,50,-0.000604,0.3274,50
lin318_or30,6,51,1,RSF,50,100.388636,0.0548,50
lin318_or30,6,51,0,COX,60,1.019406,0.1452,50
lin318_or30,6,51,2,GBSA,50,-0.020942,0.262,50
lin318_or30,6,51,3,DEEPSURV,85,85.0,0.0452,50
lin318_or30,6,51,8,MTLR,90,0.972378,0.0021,50
lin318_or30,7,61,0,COX,75,1.147402,0.0711,43
lin318_or30,7,61,1,RSF,80,100.079372,0.1605,46
lin318_or30,7,61,7,ELASTICNET,80,0.119445,0.1757,50
lin318_or30,7,61,6,KNN,50,-22.6,0.2923,50
lin318_or30,7,61,4,SSVM,50,-0.216969,0.3825,48
lin318_or30,7,61,5,WEIBULLAFT,80,-9.532855,0.0831,48
lin318_or30,7,61,2,GBSA,80,1.358442,0.0431,50
lin318_or30,7,61,3,DEEPSURV,50,50.0,0.2477,42
lin318_or30,7,61,8,MTLR,90,0.988923,-0.0016,50
lin318_or30,8,71,6,KNN,55,-21.37,-0.0049,40
lin318_or30,8,71,7,ELASTICNET,50,0.021337,0.0882,43
lin318_or30,8,71,0,COX,80,1.04015,0.0889,48
lin318_or30,8,71,4,SSVM,65,-0.273454,0.2385,48
lin318_or30,8,71,2,GBSA,85,1.41654,0.0708,50
lin318_or30,8,71,1,RSF,50,95.25421,0.1555,50
lin318_or30,8,71,5,WEIBULLAFT,80,-10.863058,0.0927,48
lin318_or30,8,71,8,MTLR,90,0.994215,0.0245,47
lin318_or30,8,71,3,DEEPSURV,50,50.0,0.1528,50
lin318_or30,9,81,7,ELASTICNET,50,0.017703,0.2078,47
lin318_or30,9,81,4,SSVM,50,-0.22331,0.3661,48
lin318_or30,9,81,0,COX,70,1.081574,0.0082,50
lin318_or30,9,81,6,KNN,50,-23.566667,0.2237,50
lin318_or30,9,81,2,GBSA,90,1.734455,0.0972,50
lin318_or30,9,81,1,RSF,90,116.805561,0.066,50
lin318_or30,9,81,5,WEIBULLAFT,90,-9.451786,0.0516,48
lin318_or30,9,81,8,MTLR,55,0.928668,0.0716,46
lin318_or30,9,81,3,DEEPSURV,60,60.0,0.3768,50
dsj1000rdmRad,10,91,5,WEIBULLAFT,55,-14.211605,0.0278,38
dsj1000rdmRad,10,91,1,RSF,50,93.813215,0.14,47
dsj1000rdmRad,10,91,0,COX,55,1.004881,0.2354,50
dsj1000rdmRad,10,91,4,SSVM,90,-19.945928,0.0682,48
dsj1000rdmRad,10,91,7,ELASTICNET,90,0.195241,0.0497,50
dsj1000rdmRad,10,91,6,KNN,50,-22.6,0.1555,50
dsj1000rdmRad,10,91,2,GBSA,85,1.52163,0.118,50
dsj1000rdmRad,10,91,3,DEEPSURV,90,90.0,0.0563,50
dsj1000rdmRad,10,91,8,MTLR,55,0.960556,0.0394,50
dsj1000rdmRad,1,1,6,KNN,55,-19.533333,0.5414,50
dsj1000rdmRad,1,1,4,SSVM,55,-3.879521,0.1917,48
dsj1000rdmRad,1,1,8,MTLR,95,0.992002,-0.0137,40
dsj1000rdmRad,1,1,7,ELASTICNET,55,0.054933,0.3237,50
dsj1000rdmRad,1,1,0,COX,50,1.000557,0.0153,50
dsj1000rdmRad,1,1,1,RSF,50,95.958913,0.3966,50
dsj1000rdmRad,1,1,5,WEIBULLAFT,90,-10.44972,0.0633,48
dsj1000rdmRad,1,1,2,GBSA,50,0.138106,0.2963,50
dsj1000rdmRad,1,1,3,DEEPSURV,60,60.0,0.3002,50
dsj1000rdmRad,2,11,5,WEIBULLAFT,70,-13.291783,0.0369,40
dsj1000rdmRad,2,11,7,ELASTICNET,60,0.112493,0.3254,50
dsj1000rdmRad,2,11,1,RSF,95,115.243649,0.0544,50
dsj1000rdmRad,2,11,0,COX,55,1.009931,0.3436,50
dsj1000rdmRad,2,11,4,SSVM,50,-16.626496,0.1483,47
dsj1000rdmRad,2,11,6,KNN,50,-18.366667,0.6947,50
dsj1000rdmRad,2,11,2,GBSA,50,0.061172,0.26,50
dsj1000rdmRad,2,11,8,MTLR,95,0.951543,-0.0933,50
dsj1000rdmRad,2,11,3,DEEPSURV,90,90.0,-0.0163,50
dsj1000rdmRad,3,21,7,ELASTICNET,95,0.155957,-0.1157,50
dsj1000rdmRad,3,21,0,COX,60,1.008061,0.1866,50
dsj1000rdmRad,3,21,4,SSVM,65,-2.381371,-0.018,48
dsj1000rdmRad,3,21,6,KNN,80,-14.04,0.1154,50
dsj1000rdmRad,3,21,5,WEIBULLAFT,75,-12.861259,0.2228,48
dsj1000rdmRad,3,21,1,RSF,55,96.768374,0.3722,50
dsj1000rdmRad,3,21,2,GBSA,70,0.78509,0.0538,50
dsj1000rdmRad,3,21,3,DEEPSURV,65,65.0,0.1613,50
dsj1000rdmRad,3,21,8,MTLR,60,0.987107,0.1486,40
dsj1000rdmRad,4,31,2,GBSA,90,1.806798,0.0084,44
dsj1000rdmRad,4,31,4,SSVM,55,-2.306099,0.3055,45
dsj1000rdmRad,4,31,6,KNN,70,-17.066667,0.0331,50
dsj1000rdmRad,4,31,0,COX,55,1.006244,0.3425,50
dsj1000rdmRad,4,31,7,ELASTICNET,60,0.05058,0.1824,50
dsj1000rdmRad,4,31,1,RSF,85,105.982619,0.0371,50
dsj1000rdmRad,4,31,5,WEIBULLAFT,90,-8.845492,0.0631,48
dsj1000rdmRad,4,31,8,MTLR,75,0.971799,0.0438,44
dsj1000rdmRad,4,31,3,DEEPSURV,90,90.0,0.0561,50
dsj1000rdmRad,5,41,7,ELASTICNET,60,0.06464,0.0018,50
dsj1000rdmRad,5,41,4,SSVM,70,-29.59649,0.1203,48
dsj1000rdmRad,5,41,6,KNN,50,-20.766667,0.2808,50
dsj1000rdmRad,5,41,0,COX,55,1.003762,0.2419,50
dsj1000rdmRad,5,41,2,GBSA,50,0.232375,0.0799,50
dsj1000rdmRad,5,41,5,WEIBULLAFT,50,-15.26734,0.0631,48
dsj1000rdmRad,5,41,1,RSF,60,103.968606,0.4035,50
dsj1000rdmRad,5,41,8,MTLR,95,0.928881,0.0209,48
dsj1000rdmRad,5,41,3,DEEPSURV,95,95.0,0.023,50
dsj1000rdmRad,6,51,7,ELASTICNET,50,-0.021053,0.2036,40
dsj1000rdmRad,6,51,6,KNN,50,-19.4,0.3421,46
dsj1000rdmRad,6,51,5,WEIBULLAFT,95,-9.01076,0.0673,42
dsj1000rdmRad,6,51,4,SSVM,50,-1.267844,0.1392,47
dsj1000rdmRad,6,51,0,COX,80,1.013423,0.0988,50
dsj1000rdmRad,6,51,2,GBSA,85,1.515359,0.1211,50
dsj1000rdmRad,6,51,1,RSF,50,86.997512,0.2702,50
dsj1000rdmRad,6,51,3,DEEPSURV,75,75.0,0.1292,50
dsj1000rdmRad,6,51,8,MTLR,50,0.978519,0.1725,50
dsj1000rdmRad,7,61,7,ELASTICNET,55,0.056553,0.2223,50
dsj1000rdmRad,7,61,4,SSVM,90,-15.853116,-0.0053,48
dsj1000rdmRad,7,61,6,KNN,50,-21.833333,0.2658,50
dsj1000rdmRad,7,61,5,WEIBULLAFT,50,-13.921419,0.1804,47
dsj1000rdmRad,7,61,0,COX,50,1.001692,-0.0011,50
dsj1000rdmRad,7,61,1,RSF,50,100.348731,0.2329,50
dsj1000rdmRad,7,61,2,GBSA,95,2.215673,0.0408,50
dsj1000rdmRad,7,61,8,MTLR,95,0.997607,-0.0027,50
dsj1000rdmRad,7,61,3,DEEPSURV,90,90.0,0.0511,50
dsj1000rdmRad,8,71,0,COX,50,1.004289,0.0131,
dsj1000rdmRad,8,71,6,KNN,50,-18.333333,0.2883,50
dsj1000rdmRad,8,71,7,ELASTICNET,90,0.182167,0.0412,50
dsj1000rdmRad,8,71,5,WEIBULLAFT,50,-12.43039,0.182,46
dsj1000rdmRad,8,71,1,RSF,65,99.708538,0.1659,50
dsj1000rdmRad,8,71,4,SSVM,50,-18.804246,0.1648,48
dsj1000rdmRad,8,71,2,GBSA,85,1.439719,0.0035,50
dsj1000rdmRad,8,71,8,MTLR,50,0.949539,0.0642,50
dsj1000rdmRad,8,71,3,DEEPSURV,75,75.0,0.0851,50
dsj1000rdmRad,9,81,1,RSF,50,85.076112,0.2008,40
dsj1000rdmRad,9,81,7,ELASTICNET,90,0.284484,0.0862,50
dsj1000rdmRad,9,81,0,COX,55,1.005547,0.298,50
dsj1000rdmRad,9,81,6,KNN,50,-21.7,0.3358,50
dsj1000rdmRad,9,81,4,SSVM,60,-3.881722,0.3074,47
dsj1000rdmRad,9,81,2,GBSA,65,0.652914,0.2803,50
dsj1000rdmRad,9,81,5,WEIBULLAFT,70,-12.906501,0.0462,49
dsj1000rdmRad,9,81,3,DEEPSURV,70,70.0,0.1323,50
dsj1000rdmRad,9,81,8,MTLR,65,0.967022,-0.0234,50
kroD100rdmRad,10,91,5,WEIBULLAFT,75,-11.51562,0.0849,39
kroD100rdmRad,10,91,4,SSVM,70,-0.857366,0.1962,48
kroD100rdmRad,10,91,6,KNN,80,-15.293333,0.0649,50
kroD100rdmRad,10,91,7,ELASTICNET,85,0.158806,0.1249,50
kroD100rdmRad,10,91,0,COX,50,1.059848,0.175,50
kroD100rdmRad,10,91,1,RSF,65,102.262134,0.1222,50
kroD100rdmRad,10,91,2,GBSA,55,0.360245,0.4699,50
kroD100rdmRad,10,91,3,DEEPSURV,90,90.0,-0.2072,49
kroD100rdmRad,10,91,8,MTLR,95,0.979503,0.0428,50
kroD100rdmRad,1,1,6,KNN,55,-16.4,0.2812,42
kroD100rdmRad,1,1,1,RSF,50,74.672084,0.7335,40
kroD100rdmRad,1,1,2,GBSA,70,0.99441,-0.0123,42
kroD100rdmRad,1,1,4,SSVM,55,-4.912452,0.0297,47
kroD100rdmRad,1,1,7,ELASTICNET,50,0.009073,0.167,50
kroD100rdmRad,1,1,0,COX,90,1.041624,0.0672,50
kroD100rdmRad,1,1,5,WEIBULLAFT,95,-9.955741,-0.0056,48
kroD100rdmRad,1,1,3,DEEPSURV,55,55.0,0.4456,41
kroD100rdmRad,1,1,8,MTLR,65,0.957299,0.0223,40
kroD100rdmRad,2,11,2,GBSA,60,0.531928,0.1627,40
kroD100rdmRad,2,11,4,SSVM,95,-18.817869,0.0508,46
kroD100rdmRad,2,11,6,KNN,50,-18.5,0.0503,50
kroD100rdmRad,2,11,7,ELASTICNET,95,0.299994,0.0271,50
kroD100rdmRad,2,11,0,COX,70,1.189208,0.3117,50
kroD100rdmRad,2,11,1,RSF,55,100.399514,0.5416,50
kroD100rdmRad,2,11,5,WEIBULLAFT,55,-12.631052,-0.0206,48
kroD100rdmRad,2,11,3,DEEPSURV,95,95.0,-0.0117,50
kroD100rdmRad,2,11,8,MTLR,85,0.990878,-0.0842,50
kroD100rdmRad,3,21,0,COX,80,1.163551,0.1067,40
kroD100rdmRad,3,21,2,GBSA,95,2.344251,0.0341,41
kroD100rdmRad,3,21,4,SSVM,50,-1.595701,0.4692,47
kroD100rdmRad,3,21,7,ELASTICNET,95,0.250712,0.0455,50
kroD100rdmRad,3,21,6,KNN,60,-17.733333,0.3552,50
kroD100rdmRad,3,21,1,RSF,55,98.650677,0.1862,50
kroD100rdmRad,3,21,5,WEIBULLAFT,50,-15.206589,0.4318,48
kroD100rdmRad,3,21,3,DEEPSURV,85,85.0,-0.0753,42
kroD100rdmRad,3,21,8,MTLR,95,0.999936,0.0075,50
kroD100rdmRad,4,31,6,KNN,60,-16.986667,0.198,40
kroD100rdmRad,4,31,4,SSVM,60,-1.252933,0.0093,46
kroD100rdmRad,4,31,1,RSF,50,83.942036,0.2298,48
kroD100rdmRad,4,31,0,COX,85,1.10534,-0.1071,50
kroD100rdmRad,4,31,7,ELASTICNET,50,0.032238,0.1699,50
kroD100rdmRad,4,31,2,GBSA,60,0.538211,0.2542,50
kroD100rdmRad,4,31,5,WEIBULLAFT,50,-14.474265,0.5013,48
kroD100rdmRad,4,31,3,DEEPSURV,50,50.0,0.1231,50
kroD100rdmRad,4,31,8,MTLR,85,0.972508,-0.0493,50
kroD100rdmRad,5,41,4,SSVM,75,-8.688387,0.1976,39
kroD100rdmRad,5,41,7,ELASTICNET,50,0.036281,0.2465,46
kroD100rdmRad,5,41,5,WEIBULLAFT,60,-12.613138,0.1853,40
kroD100rdmRad,5,41,6,KNN,65,-16.743333,0.029,50
kroD100rdmRad,5,41,0,COX,80,1.166584,0.1906,50
kroD100rdmRad,5,41,1,RSF,70,104.851351,0.1683,50
kroD100rdmRad,5,41,2,GBSA,50,0.238331,0.3096,50
kroD100rdmRad,5,41,8,MTLR,50,0.917116,0.1188,47
kroD100rdmRad,5,41,3,DEEPSURV,65,65.0,0.0012,50
kroD100rdmRad,6,51,4,SSVM,55,-3.460673,0.1266,42
kroD100rdmRad,6,51,6,KNN,50,-20.866667,0.4458,50
kroD100rdmRad,6,51,7,ELASTICNET,65,0.086998,0.2375,50
kroD100rdmRad,6,51,0,COX,60,1.085258,0.0966,50
kroD100rdmRad,6,51,1,RSF,65,97.689993,0.3019,50
kroD100rdmRad,6,51,5,WEIBULLAFT,50,-14.022428,0.1801,48
kroD100rdmRad,6,51,2,GBSA,50,0.137433,0.3427,50
kroD100rdmRad,6,51,3,DEEPSURV,90,90.0,-0.085,50
kroD100rdmRad,6,51,8,MTLR,65,0.967423,0.294,50
kroD100rdmRad,7,61,7,ELASTICNET,90,0.220695,0.0748,50
kroD100rdmRad,7,61,6,KNN,95,-11.653333,-0.0351,50
kroD100rdmRad,7,61,0,COX,95,1.279762,0.0442,50
kroD100rdmRad,7,61,4,SSVM,50,-12.114789,0.3258,48
kroD100rdmRad,7,61,1,RSF,50,98.062936,0.5459,50
kroD100rdmRad,7,61,2,GBSA,60,0.568196,0.25,50
kroD100rdmRad,7,61,5,WEIBULLAFT,95,-7.236578,0.0476,47
kroD100rdmRad,7,61,8,MTLR,50,0.919103,0.0486,40
kroD100rdmRad,7,61,3,DEEPSURV,55,55.0,0.1839,50
kroD100rdmRad,8,71,0,COX,95,1.121737,0.0151,41
kroD100rdmRad,8,71,4,SSVM,60,-1.652969,0.2744,43
kroD100rdmRad,8,71,7,ELASTICNET,75,0.151564,0.1156,50
kroD100rdmRad,8,71,6,KNN,90,-11.4,0.0608,50
kroD100rdmRad,8,71,2,GBSA,55,0.27281,0.1011,50
kroD100rdmRad,8,71,1,RSF,55,106.047335,0.3574,50
kroD100rdmRad,8,71,5,WEIBULLAFT,90,-9.21813,0.0525,48
kroD100rdmRad,8,71,8,MTLR,50,0.921475,0.0067,50
kroD100rdmRad,9,81,7,ELASTICNET,50,-0.005206,0.4229,42
kroD100rdmRad,9,81,5,WEIBULLAFT,50,-14.582575,0.3773,40
kroD100rdmRad,9,81,4,SSVM,90,-2.143832,0.0804,48
kroD100rdmRad,9,81,0,COX,75,1.124019,0.1514,50
kroD100rdmRad,9,81,6,KNN,65,-22.153333,0.0447,50
kroD100rdmRad,9,81,1,RSF,80,102.648521,0.1639,50
kroD100rdmRad,9,81,2,GBSA,50,0.205343,0.2789,50
kroD100rdmRad,9,81,8,MTLR,55,0.958386,0.1467,40
kroD100rdmRad,9,81,3,DEEPSURV,75,75.0,-0.0696,50
bubbles5,10,91,2,GBSA,50,0.055216,0.591,40
bubbles5,10,91,1,RSF,50,87.678338,0.1891,45
bubbles5,10,91,6,KNN,75,-16.45,0.1051,50
bubbles5,10,91,7,ELASTICNET,75,0.062962,-0.0115,50
bubbles5,10,91,0,COX,50,1.011761,0.1673,50
bubbles5,10,91,4,SSVM,95,-1.603073,0.0419,48
bubbles5,10,91,5,WEIBULLAFT,55,-14.109791,0.1195,47
bubbles5,10,91,3,DEEPSURV,50,50.0,0.3089,50
bubbles5,10,91,8,MTLR,50,0.987074,0.2068,50
bubbles5,1,1,2,GBSA,50,0.217185,0.3128,40
bubbles5,1,1,0,COX,50,1.004847,0.1653,48
bubbles5,1,1,7,ELASTICNET,95,0.327518,0.0386,50
bubbles5,1,1,4,SSVM,55,-1.381407,0.0752,47
bubbles5,1,1,6,KNN,90,-13.486667,0.0815,50
bubbles5,1,1,5,WEIBULLAFT,75,-11.55649,0.0496,47
bubbles5,1,1,1,RSF,50,99.105539,0.093,50
bubbles5,1,1,8,MTLR,65,0.974192,0.0528,50
bubbles5,2,11,0,COX,65,1.130723,0.1742,45
bubbles5,2,11,7,ELASTICNET,60,0.090221,0.228,50
bubbles5,2,11,6,KNN,50,-22.666667,0.2247,50
bubbles5,2,11,4,SSVM,70,-1.488459,0.2714,48
bubbles5,2,11,1,RSF,50,104.124012,0.4853,50
bubbles5,2,11,8,MTLR,95,0.983845,-0.0577,44
bubbles5,2,11,2,GBSA,50,0.179253,0.2505,50
bubbles5,2,11,5,WEIBULLAFT,65,-12.052597,0.0842,48
bubbles5,2,11,3,DEEPSURV,75,75.0,0.1483,50
bubbles5,3,21,0,COX,60,1.050502,0.0406,40
bubbles5,3,21,1,RSF,60,80.529653,0.2693,42
bubbles5,3,21,6,KNN,95,-10.15,0.0238,46
bubbles5,3,21,4,SSVM,50,-1.560803,0.624,48
bubbles5,3,21,7,ELASTICNET,95,0.276301,0.0265,50
bubbles5,3,21,2,GBSA,50,-0.00917,0.2935,50
bubbles5,3,21,5,WEIBULLAFT,80,-11.017546,0.0336,47
bubbles5,3,21,3,DEEPSURV,55,55.0,0.0232,50
bubbles5,3,21,8,MTLR,95,0.993686,0.0245,50
bubbles5,4,31,4,SSVM,55,-1.176314,0.3671,48
bubbles5,4,31,7,ELASTICNET,70,0.102083,0.2526,50
bubbles5,4,31,0,COX,75,1.1151,0.2533,50
bubbles5,4,31,6,KNN,60,-21.56,0.1368,50
bubbles5,4,31,1,RSF,65,102.667541,0.184,50
bubbles5,4,31,2,GBSA,55,0.49077,0.1777,50
bubbles5,4,31,5,WEIBULLAFT,50,-13.657147,0.152,48
bubbles5,4,31,8,MTLR,55,0.978402,0.2486,50
bubbles5,4,31,3,DEEPSURV,60,60.0,-0.0534,50
bubbles5,5,41,7,ELASTICNET,55,0.030197,0.2858,40
bubbles5,5,41,0,COX,55,1.010155,0.2641,50
bubbles5,5,41,6,KNN,50,-21.066667,0.1742,50
bubbles5,5,41,4,SSVM,55,-1.105298,0.3332,47
bubbles5,5,41,2,GBSA,50,0.150136,0.335,50
bubbles5,5,41,1,RSF,85,107.008013,0.0437,50
bubbles5,5,41,5,WEIBULLAFT,85,-10.479006,0.0223,48
bubbles5,5,41,8,MTLR,85,0.984637,0.1068,50
bubbles5,5,41,3,DEEPSURV,90,90.0,0.0593,50
bubbles5,6,51,6,KNN,50,-21.966667,0.167,43
bubbles5,6,51,8,MTLR,75,0.982365,0.08,40
bubbles5,6,51,3,DEEPSURV,95,95.0,-0.0174,41
bubbles5,6,51,4,SSVM,55,-1.789656,0.3532,48
bubbles5,6,51,0,COX,95,1.582948,0.0615,50
bubbles5,6,51,7,ELASTICNET,50,0.005371,0.0513,50
bubbles5,6,51,1,RSF,50,104.775353,0.0397,50
bubbles5,6,51,2,GBSA,55,0.361105,0.1167,50
bubbles5,6,51,5,WEIBULLAFT,65,-12.685502,-0.071,48
bubbles5,7,61,2,GBSA,80,1.566452,0.1676,40
bubbles5,7,61,6,KNN,95,-10.85,0.0632,46
bubbles5,7,61,1,RSF,75,97.908188,0.0532,45
bubbles5,7,61,3,DEEPSURV,55,55.0,0.075,42
bubbles5,7,61,0,COX,95,1.315973,0.0574,50
bubbles5,7,61,4,SSVM,55,-1.558325,0.2789,48
bubbles5,7,61,7,ELASTICNET,60,0.047298,0.1088,50
bubbles5,7,61,5,WEIBULLAFT,50,-15.669781,0.1431,48
bubbles5,7,61,8,MTLR,80,0.968502,0.0079,45
bubbles5,8,71,7,ELASTICNET,65,0.101831,0.1378,48
bubbles5,8,71,0,COX,70,1.154265,0.2766,50
bubbles5,8,71,6,KNN,50,-20.766667,0.5892,50
bubbles5,8,71,4,SSVM,70,-1.351626,0.1917,47
bubbles5,8,71,2,GBSA,50,0.207978,0.1283,50
bubbles5,8,71,5,WEIBULLAFT,65,-11.571083,0.1088,48
bubbles5,8,71,1,RSF,50,88.231656,0.2957,50
bubbles5,8,71,3,DEEPSURV,90,90.0,0.0879,50
bubbles5,8,71,8,MTLR,80,0.964038,-0.0077,50
bubbles5,9,81,7,ELASTICNET,90,0.248214,-0.0413,40
bubbles5,9,81,1,RSF,70,83.76487,0.1102,42
bubbles5,9,81,0,COX,50,1.007524,0.4537,50
bubbles5,9,81,6,KNN,50,-21.8,0.4222,50
bubbles5,9,81,4,SSVM,65,-1.900947,0.1902,49
bubbles5,9,81,2,GBSA,75,1.080659,0.1497,50
bubbles5,9,81,5,WEIBULLAFT,95,-8.641733,-0.0912,48
bubbles5,9,81,8,MTLR,50,0.985634,0.2223,50
bubbles5,9,81,3,DEEPSURV,95,95.0,-0.0524,50
team6_500rdmRad,10,91,7,ELASTICNET,55,0.023271,0.2219,40
team6_500rdmRad,10,91,2,GBSA,90,2.124637,0.0361,40
team6_500rdmRad,10,91,0,COX,50,0.997135,0.0906,45
team6_500rdmRad,10,91,1,RSF,80,102.840652,0.082,46
team6_500rdmRad,10,91,4,SSVM,60,-1.15535,0.0463,48
team6_500rdmRad,10,91,6,KNN,65,-19.61,0.0077,50
team6_500rdmRad,10,91,5,WEIBULLAFT,50,-15.847218,0.335,48
team6_500rdmRad,10,91,3,DEEPSURV,80,80.0,0.0686,48
team6_500rdmRad,10,91,8,MTLR,95,0.999866,-0.0229,50
team6_500rdmRad,1,1,0,COX,75,1.019482,0.1336,40
team6_500rdmRad,1,1,5,WEIBULLAFT,65,-13.204218,0.2798,38
team6_500rdmRad,1,1,6,KNN,60,-17.946667,0.2409,50
team6_500rdmRad,1,1,7,ELASTICNET,50,0.031019,0.3076,50
team6_500rdmRad,1,1,1,RSF,50,102.041166,0.1996,50
team6_500rdmRad,1,1,4,SSVM,75,-4.131497,0.1489,48
team6_500rdmRad,1,1,2,GBSA,55,0.320348,0.4224,50
team6_500rdmRad,1,1,3,DEEPSURV,95,95.0,0.0389,50
team6_500rdmRad,1,1,8,MTLR,55,0.988021,0.1114,50
team6_500rdmRad,2,11,6,KNN,55,-21.51,0.1666,40
team6_500rdmRad,2,11,4,SSVM,50,-28.068572,0.3479,48
team6_500rdmRad,2,11,7,ELASTICNET,90,0.344673,0.0769,50
team6_500rdmRad,2,11,0,COX,60,1.006457,0.1133,50
team6_500rdmRad,2,11,1,RSF,70,113.790769,0.2136,50
team6_500rdmRad,2,11,5,WEIBULLAFT,50,-14.772066,0.0829,48
team6_500rdmRad,2,11,2,GBSA,50,0.065683,0.2818,50
team6_500rdmRad,2,11,8,MTLR,95,0.998116,0.0234,45
team6_500rdmRad,2,11,3,DEEPSURV,95,95.0,-0.0131,50
team6_500rdmRad,3,21,0,COX,55,1.00531,-0.0105,40
team6_500rdmRad,3,21,5,WEIBULLAFT,55,-14.823504,0.2137,38
team6_500rdmRad,3,21,7,ELASTICNET,50,0.029344,0.4407,49
team6_500rdmRad,3,21,6,KNN,70,-17.846667,0.2195,50
team6_500rdmRad,3,21,4,SSVM,55,-23.781793,0.4268,48
team6_500rdmRad,3,21,2,GBSA,55,0.194312,0.0816,49
team6_500rdmRad,3,21,1,RSF,60,103.466206,-0.0186,50
team6_500rdmRad,3,21,8,MTLR,90,0.978465,0.0138,50
team6_500rdmRad,3,21,3,DEEPSURV,60,60.0,0.0371,50
team6_500rdmRad,4,31,1,RSF,50,75.697704,0.0698,44
team6_500rdmRad,4,31,6,KNN,55,-21.756667,0.1568,49
team6_500rdmRad,4,31,4,SSVM,50,-30.572947,0.1262,48
team6_500rdmRad,4,31,0,COX,65,1.007126,0.2459,50
team6_500rdmRad,4,31,7,ELASTICNET,60,0.047758,0.1701,50
team6_500rdmRad,4,31,2,GBSA,60,0.417534,0.1744,50
team6_500rdmRad,4,31,5,WEIBULLAFT,60,-13.478646,0.185,47
team6_500rdmRad,4,31,3,DEEPSURV,95,95.0,0.022,43
team6_500rdmRad,4,31,8,MTLR,85,0.998887,0.0106,50
team6_500rdmRad,5,41,0,COX,60,1.007666,0.1833,50
team6_500rdmRad,5,41,7,ELASTICNET,55,0.022164,0.2977,50
team6_500rdmRad,5,41,8,MTLR,55,0.9441,0.1333,40
team6_500rdmRad,5,41,4,SSVM,80,-17.066768,0.0633,48
team6_500rdmRad,5,41,6,KNN,55,-21.136667,0.0763,50
team6_500rdmRad,5,41,1,RSF,70,113.613289,0.1221,50
team6_500rdmRad,5,41,2,GBSA,50,0.248073,0.0465,50
team6_500rdmRad,5,41,5,WEIBULLAFT,70,-12.490647,0.098,48
team6_500rdmRad,5,41,3,DEEPSURV,75,75.0,0.0575,50
team6_500rdmRad,6,51,6,KNN,50,-22.533333,0.2223,50
team6_500rdmRad,6,51,4,SSVM,90,-0.973196,0.0826,47
team6_500rdmRad,6,51,7,ELASTICNET,80,0.201149,0.0823,50
team6_500rdmRad,6,51,0,COX,95,1.032499,0.0043,50
team6_500rdmRad,6,51,1,RSF,50,103.190499,0.1194,50
team6_500rdmRad,6,51,5,WEIBULLAFT,50,-14.484943,0.1014,48
team6_500rdmRad,6,51,2,GBSA,75,0.969423,0.1581,50
team6_500rdmRad,6,51,8,MTLR,80,0.966751,0.1327,49
team6_500rdmRad,6,51,3,DEEPSURV,95,95.0,0.0249,49
team6_500rdmRad,7,61,7,ELASTICNET,50,0.038143,0.0284,42
team6_500rdmRad,7,61,1,RSF,65,89.984882,0.0164,42
team6_500rdmRad,7,61,4,SSVM,50,-2.724531,0.424,48
team6_500rdmRad,7,61,6,KNN,80,-17.12,0.006,50
team6_500rdmRad,7,61,0,COX,50,1.011858,0.254,50
team6_500rdmRad,7,61,2,GBSA,95,2.307444,0.0416,50
team6_500rdmRad,7,61,5,WEIBULLAFT,70,-14.086955,0.1565,48
team6_500rdmRad,7,61,8,MTLR,50,0.950623,0.4421,44
team6_500rdmRad,7,61,3,DEEPSURV,90,90.0,0.031,50
team6_500rdmRad,8,71,0,COX,50,0.999719,0.0581,46
team6_500rdmRad,8,71,6,KNN,75,-18.05,0.0774,50
team6_500rdmRad,8,71,4,SSVM,55,-17.140165,0.5129,47
team6_500rdmRad,8,71,7,ELASTICNET,50,0.010608,0.2887,50
team6_500rdmRad,8,71,1,RSF,95,118.163962,0.0114,50
team6_500rdmRad,8,71,5,WEIBULLAFT,60,-12.932434,0.1923,48
team6_500rdmRad,8,71,2,GBSA,85,1.376783,0.0941,50
team6_500rdmRad,8,71,8,MTLR,55,0.915934,0.1252,50
team6_500rdmRad,8,71,3,DEEPSURV,70,70.0,0.0141,50
team6_500rdmRad,9,81,7,ELASTICNET,95,0.281773,-0.0243,50
team6_500rdmRad,9,81,6,KNN,50,-20.1,0.299,50
team6_500rdmRad,9,81,0,COX,50,0.999542,0.0098,50
team6_500rdmRad,9,81,4,SSVM,50,-1.429896,0.2062,48
team6_500rdmRad,9,81,1,RSF,85,113.433742,0.0778,50
team6_500rdmRad,9,81,2,GBSA,55,0.292404,0.2631,50
team6_500rdmRad,9,81,5,WEIBULLAFT,65,-13.58114,0.1862,48
team6_500rdmRad,9,81,8,MTLR,50,0.958286,0.2676,50
team6_500rdmRad,9,81,3,DEEPSURV,95,95.0,-0.1083,50
car_door_25,10,91,4,SSVM,65,-5.179504,0.1092,28
car_door_25,10,91,7,ELASTICNET,50,0.061069,0.0222,29
car_door_25,10,91,0,COX,50,0.985052,0.3841,26
car_door_25,10,91,6,KNN,60,-21.466667,0.155,33
car_door_25,10,91,2,GBSA,50,0.135015,0.418,27
car_door_25,10,91,1,RSF,80,68.190148,0.1823,30
car_door_25,10,91,5,WEIBULLAFT,50,-17.678565,0.2087,28
car_door_25,10,91,3,DEEPSURV,95,95.0,-0.1218,32
car_door_25,10,91,6,KNN,50,0.98919,0.4,
car_door_25,1,1,7,ELASTICNET,65,0.127139,0.2539,26
car_door_25,1,1,6,KNN,55,-22.266667,0.3072,31
car_door_25,1,1,0,COX,80,1.26533,0.1091,33
car_door_25,1,1,2,GBSA,55,0.439398,0.417,32
car_door_25,1,1,1,RSF,50,59.160862,0.3743,31
car_door_25,1,1,5,WEIBULLAFT,55,-19.108761,0.3564,25
car_door_25,1,1,4,SSVM,60,-3.531202,0.2008,35
car_door_25,1,1,8,MTLR,55,0.982042,-0.0033,28
car_door_25,1,1,3,DEEPSURV,50,50.0,0.4759,34
car_door_25,2,11,4,SSVM,70,-7.446746,0.1991,27
car_door_25,2,11,6,KNN,60,-23.2,0.0671,30
car_door_25,2,11,7,ELASTICNET,50,0.005508,0.3323,33
car_door_25,2,11,0,COX,50,0.997121,0.4617,30
car_door_25,2,11,1,RSF,50,60.234231,0.336,30
car_door_25,2,11,5,WEIBULLAFT,55,-13.38151,0.2034,34
car_door_25,2,11,2,GBSA,75,0.976371,0.2051,40
car_door_25,2,11,3,DEEPSURV,70,70.0,0.2873,32
car_door_25,2,11,8,MTLR,85,0.997731,0.1038,30
car_door_25,3,21,4,SSVM,55,-6.240232,0.3791,28
car_door_25,3,21,7,ELASTICNET,60,0.060137,0.3222,35
car_door_25,3,21,6,KNN,50,-21.8,0.0699,29
car_door_25,3,21,0,COX,90,1.115514,0.0783,31
car_door_25,3,21,1,RSF,85,72.088426,0.0904,32
car_door_25,3,21,5,WEIBULLAFT,50,-22.899297,0.1446,30
car_door_25,3,21,2,GBSA,50,0.116929,0.4437,41
car_door_25,3,21,3,,50,50.0,0.2534,33
car_door_25,3,21,8,MTLR,50,0.991598,0.2173,38
car_door_25,4,31,6,KNN,60,-20.733333,0.2643,33
car_door_25,4,31,7,ELASTICNET,55,0.030552,0.3423,30
car_door_25,4,31,2,GBSA,95,2.5475,0.0618,29
car_door_25,4,31,1,RSF,50,66.171874,0.2417,31
car_door_25,4,31,4,SSVM,55,-2.343241,0.248,32
car_door_25,4,31,5,WEIBULLAFT,65,-14.074254,0.0431,29
car_door_25,4,31,0,COX,60,1.007107,0.2079,37
car_door_25,4,31,3,DEEPSURV,95,95.0,-0.05,30
car_door_25,4,31,8,MTLR,50,0.971042,0.4059,33
car_door_25,5,41,7,ELASTICNET,80,0.167306,0.1381,30
car_door_25,5,41,4,SSVM,60,-7.189564,0.2965,29
car_door_25,5,41,6,KNN,50,-24.933333,0.3853,31
car_door_25,5,41,0,COX,85,1.100906,0.0578,28
car_door_25,5,41,2,GBSA,55,0.348851,0.1878,32
car_door_25,5,41,5,WEIBULLAFT,50,-19.939288,0.1485,28
car_door_25,5,41,1,RSF,75,74.555729,0.0697,36
car_door_25,5,41,3,DEEPSURV,90,90.0,-0.0607,33
car_door_25,5,41,8,MTLR,55,0.976328,0.1283,34
car_door_25,6,51,6,KNN,90,-14.733333,0.0552,31
car_door_25,6,51,4,SSVM,50,-7.695094,0.268,29
car_door_25,6,51,0,COX,50,1.003792,0.2128,31
car_door_25,6,51,1,RSF,55,63.077648,0.2549,34
car_door_25,6,51,2,GBSA,95,2.944476,0.0191,31
car_door_25,6,51,5,WEIBULLAFT,75,-12.013953,0.2438,29
car_door_25,6,51,7,ELASTICNET,70,0.143382,0.2336,36
car_door_25,6,51,8,MTLR,50,0.990972,0.5462,32
car_door_25,6,51,3,DEEPSURV,50,50.0,0.4294,31
car_door_25,7,61,6,KNN,50,-27.333333,0.4155,28
car_door_25,7,61,0,COX,50,0.998653,0.482,28
car_door_25,7,61,4,SSVM,75,-2.61079,-0.066,28
car_door_25,7,61,1,RSF,90,76.850184,0.0927,29
car_door_25,7,61,2,GBSA,70,0.912261,0.1044,33
car_door_25,7,61,7,ELASTICNET,50,-0.003401,0.2558,34
car_door_25,7,61,5,WEIBULLAFT,70,-16.243438,0.0096,36
car_door_25,7,61,3,DEEPSURV,50,50.0,0.1452,26
car_door_25,7,61,8,MTLR,60,0.991589,0.2872,28
car_door_25,8,71,6,KNN,60,-23.173333,0.3807,30
car_door_25,8,71,7,ELASTICNET,50,0.012657,0.2664,33
car_door_25,8,71,4,SSVM,50,-7.599722,0.2425,29
car_door_25,8,71,0,COX,50,0.996779,0.4812,30
car_door_25,8,71,2,GBSA,75,1.394403,-0.0027,33
car_door_25,8,71,5,WEIBULLAFT,50,-19.864391,0.1544,30
car_door_25,8,71,1,RSF,50,72.530296,0.4288,38
car_door_25,8,71,3,DEEPSURV,95,95.0,0.0675,30
car_door_25,8,71,8,MTLR,85,0.937926,0.0742,32
car_door_25,9,81,6,KNN,50,-30.0,0.4014,28
car_door_25,9,81,7,ELASTICNET,50,0.142712,0.1364,31
car_door_25,9,81,1,RSF,85,71.382489,0.0341,30
car_door_25,9,81,2,GBSA,75,1.34926,0.0897,33
car_door_25,9,81,4,SSVM,50,-6.386519,0.284,29
car_door_25,9,81,5,WEIBULLAFT,50,-15.0653,0.1457,33
car_door_25,9,81,0,COX,65,1.008684,0.2147,36
car_door_25,9,81,3,DEEPSURV,90,90.0,-0.1047,29
car_door_25,9,81,8,MTLR,70,0.990326,0.1809,30
car_door_35,10,91,6,KNN,50,-21.6,0.3445,40
car_door_35,10,91,1,RSF,50,71.647926,0.2014,40
car_door_35,10,91,2,GBSA,55,0.245695,0.0466,40
car_door_35,10,91,7,ELASTICNET,60,0.056471,0.1303,48
car_door_35,10,91,4,SSVM,85,-3.871768,-0.0067,47
car_door_35,10,91,0,COX,50,1.003841,0.3509,50
car_door_35,10,91,5,WEIBULLAFT,55,-14.239786,0.3431,48
car_door_35,10,91,8,MTLR,60,0.951414,0.3196,40
car_door_35,10,91,3,DEEPSURV,50,50.0,0.3301,39
car_door_35,1,1,7,ELASTICNET,85,0.218619,0.1105,40
car_door_35,1,1,6,KNN,50,-20.9,0.1672,40
car_door_35,1,1,4,SSVM,65,-3.682837,0.136,38
car_door_35,1,1,0,COX,95,1.132868,0.0126,40
car_door_35,1,1,1,RSF,60,74.714643,0.054,40
car_door_35,1,1,5,WEIBULLAFT,70,-10.377831,0.2603,46
car_door_35,1,1,2,GBSA,55,0.510103,0.4763,50
car_door_35,1,1,8,MTLR,60,0.980402,0.3477,40
car_door_35,1,1,3,DEEPSURV,50,50.0,-0.0335,50
car_door_35,2,11,7,ELASTICNET,70,0.163759,0.1054,40
car_door_35,2,11,6,KNN,50,-19.5,0.1111,40
car_door_35,2,11,0,COX,60,1.049701,0.4852,40
car_door_35,2,11,1,RSF,50,62.753985,0.2747,40
car_door_35,2,11,4,SSVM,50,-3.746433,0.2869,40
car_door_35,2,11,5,WEIBULLAFT,50,-14.246866,0.5229,38
car_door_35,2,11,2,GBSA,50,0.132953,0.2188,49
car_door_35,2,11,3,DEEPSURV,55,55.0,0.084,40
car_door_35,2,11,8,MTLR,50,0.939149,0.3495,40
car_door_35,3,21,6,KNN,95,-11.026667,0.0414,40
car_door_35,3,21,7,ELASTICNET,60,0.104654,0.2456,40
car_door_35,3,21,4,SSVM,90,-2.071376,-0.0408,38
car_door_35,3,21,0,COX,85,1.246436,-0.038,40
car_door_35,3,21,1,RSF,80,82.050893,0.1179,40
car_door_35,3,21,2,GBSA,50,0.067078,0.5696,40
car_door_35,3,21,5,WEIBULLAFT,50,-13.38366,0.2135,43
car_door_35,3,21,3,DEEPSURV,95,95.0,-0.0646,40
car_door_35,3,21,8,MTLR,80,0.976214,-0.0413,40
car_door_35,4,31,7,ELASTICNET,55,0.103143,0.3099,39
car_door_35,4,31,4,SSVM,90,-4.871714,0.0305,39
car_door_35,4,31,0,COX,65,1.022408,0.1325,40
car_door_35,4,31,1,RSF,50,71.359676,0.0535,40
car_door_35,4,31,5,WEIBULLAFT,65,-14.026896,0.1319,38
car_door_35,4,31,2,GBSA,65,0.829339,0.0759,43
car_door_35,4,31,6,KNN,60,-18.533333,0.1652,50
car_door_35,4,31,3,DEEPSURV,70,70.0,0.043,40
car_door_35,4,31,8,MTLR,50,0.817477,0.1434,40
car_door_35,5,41,7,ELASTICNET,95,0.217512,0.0252,40
car_door_35,5,41,6,KNN,60,-17.786667,0.1368,40
car_door_35,5,41,0,COX,65,1.128423,0.1593,40
car_door_35,5,41,2,GBSA,85,1.508477,0.0587,39
car_door_35,5,41,5,WEIBULLAFT,50,-12.660441,0.3345,37
car_door_35,5,41,4,SSVM,50,-4.928943,0.282,47
car_door_35,5,41,1,RSF,50,95.416628,0.0097,50
car_door_35,5,41,3,DEEPSURV,60,60.0,0.2685,40
car_door_35,5,41,8,MTLR,55,0.924267,0.2202,50
car_door_35,6,51,4,SSVM,55,-2.407063,0.1276,38
car_door_35,6,51,7,ELASTICNET,50,0.045863,0.1674,40
car_door_35,6,51,6,KNN,60,-18.866667,0.3046,40
car_door_35,6,51,0,COX,50,1.009739,0.206,40
car_door_35,6,51,1,RSF,90,86.118625,0.0663,40
car_door_35,6,51,5,WEIBULLAFT,50,-13.130406,0.4141,38
car_door_35,6,51,2,GBSA,50,0.030265,0.1454,42
car_door_35,6,51,8,MTLR,70,0.886459,0.2189,40
car_door_35,6,51,3,DEEPSURV,50,50.0,0.1965,50
car_door_35,7,61,6,KNN,60,-17.533333,0.3294,40
car_door_35,7,61,0,COX,65,1.014086,0.3304,40
car_door_35,7,61,1,RSF,50,68.421721,0.1804,40
car_door_35,7,61,7,ELASTICNET,50,0.079542,0.4545,46
car_door_35,7,61,5,WEIBULLAFT,80,-11.444272,0.0241,42
car_door_35,7,61,2,GBSA,50,0.032582,0.1771,46
car_door_35,7,61,4,SSVM,70,-4.257645,0.1581,47
car_door_35,7,61,3,DEEPSURV,55,55.0,0.0723,40
car_door_35,7,61,8,MTLR,50,0.973113,0.1386,39
car_door_35,8,71,7,ELASTICNET,90,0.137174,-0.0055,40
car_door_35,8,71,4,SSVM,60,-2.804766,0.0897,38
car_door_35,8,71,0,COX,60,1.033315,0.047,40
car_door_35,8,71,6,KNN,60,-19.24,0.2136,41
car_door_35,8,71,1,RSF,70,78.308455,0.2427,40
car_door_35,8,71,5,WEIBULLAFT,55,-14.041151,0.2787,37
car_door_35,8,71,2,GBSA,90,1.613053,0.0793,50
car_door_35,8,71,8,MTLR,70,0.98534,0.0883,40
car_door_35,8,71,3,DEEPSURV,50,50.0,0.2871,44
car_door_35,9,81,4,SSVM,55,-6.502263,0.3889,38
car_door_35,9,81,7,ELASTICNET,75,0.193431,0.1668,40
car_door_35,9,81,0,COX,80,1.274973,0.0864,40
car_door_35,9,81,6,KNN,60,-20.24,0.2142,40
car_door_35,9,81,2,GBSA,95,2.304829,-0.114,40
car_door_35,9,81,5,WEIBULLAFT,60,-12.619818,0.2757,39
car_door_35,9,81,1,RSF,70,91.025883,0.1589,42
car_door_35,9,81,3,DEEPSURV,65,65.0,0.3334,40
car_door_35,9,81,8,MTLR,90,0.996502,0.0712,50
car_door_45,10,91,1,RSF,55,79.22374,0.1177,40
car_door_45,10,91,7,ELASTICNET,50,0.065912,0.1106,45
car_door_45,10,91,5,WEIBULLAFT,50,-12.556948,0.2959,38
car_door_45,10,91,6,KNN,85,-14.033333,0.097,48
car_door_45,10,91,4,SSVM,60,-4.449185,0.1558,48
car_door_45,10,91,0,COX,65,1.051938,0.1163,50
car_door_45,10,91,2,GBSA,60,0.408145,0.3579,50
car_door_45,10,91,3,DEEPSURV,50,50.0,0.3719,40
car_door_45,10,91,8,MTLR,85,0.969386,0.1249,50
car_door_45,1,1,0,COX,75,1.117582,0.1012,40
car_door_45,1,1,2,GBSA,50,0.189252,0.1811,40
car_door_45,1,1,7,ELASTICNET,70,0.103883,0.1509,42
car_door_45,1,1,4,SSVM,70,-2.618546,0.3052,42
car_door_45,1,1,5,WEIBULLAFT,50,-12.665573,0.1622,41
car_door_45,1,1,1,RSF,90,104.261865,0.0701,47
car_door_45,1,1,6,KNN,50,-19.866667,0.1538,50
car_door_45,1,1,8,MTLR,85,0.994578,0.1178,50
car_door_45,1,1,3,DEEPSURV,70,70.0,0.1407,50
car_door_45,2,11,4,SSVM,55,-3.767912,0.2324,38
car_door_45,2,11,0,COX,65,1.042065,0.109,40
car_door_45,2,11,5,WEIBULLAFT,50,-13.232623,0.5749,38
car_door_45,2,11,7,ELASTICNET,50,0.094978,0.4586,50
car_door_45,2,11,6,KNN,75,-14.033333,0.03,50
car_door_45,2,11,2,GBSA,85,1.282795,0.0878,50
car_door_45,2,11,1,RSF,55,98.669769,0.2431,50
car_door_45,2,11,3,DEEPSURV,65,65.0,0.0557,50
car_door_45,2,11,8,MTLR,50,0.974023,0.3461,50
car_door_45,3,21,2,GBSA,50,0.217129,0.3929,40
car_door_45,3,21,5,WEIBULLAFT,50,-11.772807,0.4696,39
car_door_45,3,21,7,ELASTICNET,95,0.228317,-0.0188,46
car_door_45,3,21,6,KNN,60,-19.68,0.1261,50
car_door_45,3,21,4,SSVM,50,-2.741139,0.258,48
car_door_45,3,21,0,COX,60,1.095335,0.0737,50
car_door_45,3,21,1,RSF,90,117.49319,0.023,50
car_door_45,3,21,3,DEEPSURV,60,60.0,0.1425,48
car_door_45,3,21,8,MTLR,50,0.943322,0.0247,50
car_door_45,4,31,6,KNN,60,-19.44,0.2328,40
car_door_45,4,31,4,SSVM,95,-2.470882,0.0424,38
car_door_45,4,31,2,GBSA,50,0.159693,0.068,40
car_door_45,4,31,5,WEIBULLAFT,65,-12.401582,0.3485,44
car_door_45,4,31,0,COX,80,1.102295,0.0813,50
car_door_45,4,31,7,ELASTICNET,50,0.018585,0.419,50
car_door_45,4,31,1,RSF,50,98.43605,0.3136,50
car_door_45,4,31,3,DEEPSURV,95,95.0,0.0458,50
car_door_45,4,31,8,MTLR,95,0.999867,-0.0463,50
car_door_45,5,41,6,KNN,90,-13.313333,0.0851,42
car_door_45,5,41,7,ELASTICNET,60,0.117417,0.2834,42
car_door_45,5,41,1,RSF,50,71.722105,0.1356,40
car_door_45,5,41,2,GBSA,55,0.347755,0.5544,40
car_door_45,5,41,5,WEIBULLAFT,60,-11.895569,0.1987,41
car_door_45,5,41,4,SSVM,50,-2.976069,0.3062,47
car_door_45,5,41,0,COX,50,1.06583,0.1008,50
car_door_45,5,41,3,DEEPSURV,55,55.0,0.5251,50
car_door_45,5,41,8,MTLR,85,0.97846,-0.0406,50
car_door_45,6,51,6,KNN,70,-16.973333,0.1827,40
car_door_45,6,51,1,RSF,75,92.16119,0.155,40
car_door_45,6,51,2,GBSA,50,0.201805,0.2252,40
car_door_45,6,51,5,WEIBULLAFT,75,-10.691573,0.2205,39
car_door_45,6,51,7,ELASTICNET,70,0.143602,0.2437,50
car_door_45,6,51,4,SSVM,55,-3.464224,0.2697,48
car_door_45,6,51,0,COX,60,1.087164,0.2504,50
car_door_45,6,51,3,DEEPSURV,50,50.0,-0.094,50
car_door_45,6,51,8,MTLR,80,0.957595,0.1216,50
car_door_45,7,61,6,KNN,50,-18.2,0.1996,40
car_door_45,7,61,4,SSVM,65,-3.118275,0.3643,38
car_door_45,7,61,5,WEIBULLAFT,50,-13.599011,0.0,38
car_door_45,7,61,0,COX,55,1.081432,0.2273,50
car_door_45,7,61,7,ELASTICNET,90,0.199989,0.0287,50
car_door_45,7,61,1,RSF,70,103.339691,-0.0013,50
car_door_45,7,61,2,GBSA,85,1.447236,0.1163,50
car_door_45,7,61,3,DEEPSURV,50,50.0,0.1099,50
car_door_45,7,61,8,MTLR,50,0.953738,0.0872,50
car_door_45,8,71,7,ELASTICNET,95,0.169517,-0.0098,40
car_door_45,8,71,6,KNN,70,-18.026667,0.2568,40
car_door_45,8,71,4,SSVM,50,-4.416733,0.1074,39
car_door_45,8,71,1,RSF,50,81.7575,0.1663,40
car_door_45,8,71,2,GBSA,80,1.436674,0.0533,40
car_door_45,8,71,0,COX,55,1.071478,0.1147,49
car_door_45,8,71,5,WEIBULLAFT,80,-11.334392,0.1306,47
car_door_45,8,71,3,DEEPSURV,50,50.0,-0.0213,42
car_door_45,8,71,8,MTLR,60,0.98296,0.1642,49
car_door_45,9,81,7,ELASTICNET,50,0.013517,0.1124,40
car_door_45,9,81,2,GBSA,95,2.441103,-0.0689,42
car_door_45,9,81,0,COX,85,1.188339,0.0294,50
car_door_45,9,81,4,SSVM,50,-3.863844,0.4465,47
car_door_45,9,81,6,KNN,70,-15.0,0.1801,50
car_door_45,9,81,5,WEIBULLAFT,50,-14.878956,0.0486,48
car_door_45,9,81,1,RSF,50,89.964279,0.3415,50
car_door_45,9,81,3,DEEPSURV,85,85.0,0.0883,40
car_door_45,9,81,8,MTLR,80,0.966847,0.1597,50
