path,sha256
analysis_test/parsed/island_summaries.csv,60ed635723de0c57fea929293a2708132874bae00019fcaf27a72dd1f439af0f
analysis_test/parsed/thresholds.csv,bd58973589e8b387d735b32c3b8b72df3408645df08b9144eb2ceee93ad60183
analysis_test/parsed/training_events.csv,0304e32e53fea02e333c3a9b673a8e38f873c6429a68d816816f160d812d19e8
analysis_test/parsed/convergence.csv,460d7a7f40c8351647b15b4d8daa8ae34e897383301adcb9d7d272b8dc4941d7
analysis_la_cetsp/results/contraction_kappa.csv,0dc8f9c8c489cc22970c04d8864115779a3837e3d882a56d85e3aa0fc1e2d3dc
analysis_la_cetsp/results/contraction_points.csv,45d175280d998ecba4ee1340321a33e8eec1393c676d7d06cc24859a859337c4
analysis_la_cetsp/results/diversity_signal.csv,967b1a86a65f8e3b741ac2a3d8c62020b40c5458ad901904a138ca35957db223
analysis_la_cetsp/results/feature_ceiling.csv,6c24043d9cda192fd9372db88ef5a70bda00e178000123777627f287140d3fce
analysis_la_cetsp/results/feature_importance.csv,ca7d309e0da2640258004f475ac89554527f20ad6a1dcae2092374d709c10ed0
analysis_la_cetsp/results/feature_prototype_multivariate.csv,de34b5efef6ee5d74c7983e4cb4cdecc670f624625a9558e05d51ccf81cff47c
analysis_la_cetsp/results/feature_prototype_univariate.csv,34874298fbc4d8bca15ba8cd7e8132eb6683dddd24fd810e04d67da468f9dcc5
analysis_la_cetsp/results/instance_manifest.csv,301c4916f8d05ce0769bd61721f5de8677041b3e64a6284204671b208e634514
analysis_la_cetsp/results/kappa_calibration.csv,22d34d33ae57d7bf131cc6abab3810164cc154a968072e1e6d6f086da23fc3f6
analysis_la_cetsp/results/kappa_observed.csv,e188ef4aca839a4d9f44e5b0b0767914bd4fd9f8d8390d48a8017c75db6f2053
analysis_la_cetsp/results/kappa_observed_runs.csv,a53012aeaf0893067f034fdcc8bf49959043bc671361e5a372ab1fbc1e8dcd16
analysis_la_cetsp/results/kappa_run_manifest.csv,cbb754edec3019b09aa5350ec7c28b923cade3654806ffb72e313e0372783c8c
analysis_la_cetsp/results/kappa_simulations.csv,0aef96bb0590e4b44d724c9f0aebd86a0fa12c20bf6c7984cfcd78ad2d6cefe2
analysis_la_cetsp/results/lineage_signal.csv,0fce31c6ab2c3b6aa149598a8cb66168c872fba29fe2ec18755b5c469c9e83c3
analysis_la_cetsp/results/lineage_signal_per_instance.csv,9a9f5cdbb6688b2f0fbb86e06339f4d7b3a35b5cb47ea458d7b5f711c79aa5e9
analysis_la_cetsp/results/model_ceiling.csv,b52a7bfca57681ed30f48089af1ef4063b61948e30354787c1435870dc120e44
analysis_la_cetsp/results/oracle_ceiling.csv,acd4a817d7459ecc840a39bf08355d03194ba1ca1626ca5a63bc5ff0e1efc423
analysis_la_cetsp/results/oracle_ceiling_per_instance.csv,1183d2d0a8d8e1f4b6d262bb4934a774211fbe2596b61d9cc8a5be2fa6bcaac1
analysis_la_cetsp/results/partial_vnd_signal.csv,4512e12356d282d3c3d5ba5d3bfbf4dd12c0807504b2890fca50c9a55f9a717d
analysis_la_cetsp/results/rank_transmission.csv,8d2830d04477f76aa59b0b3aa7b3d190a8aeee220b56e823e19f22bccab2f693
